anno_inizio,provincia,ordine_scuola,alunni_ritardo,alunni,quota_ritardo
2015,PARMA,SCUOLA PRIMARIA,545,19251,0.028310217651031117
2015,FERRARA,SCUOLA SECONDARIA I GRADO,775,7003,0.11066685706125946
2015,BOLOGNA,SCUOLA SECONDARIA I GRADO,2177,25769,0.08448135356436028
2015,REGGIO EMILIA,SCUOLA PRIMARIA,830,26760,0.03101644245142003
2015,PARMA,SCUOLA SECONDARIA I GRADO,1114,10863,0.10254994016385897
2015,RIMINI,SCUOLA SECONDARIA II GRADO,2623,12866,0.2038706668739313
2015,BOLOGNA,SCUOLA SECONDARIA II GRADO,7218,31717,0.22757511744490336
2015,BOLOGNA,SCUOLA PRIMARIA,1316,41682,0.03157238136365818
2015,RAVENNA,SCUOLA PRIMARIA,456,17395,0.02621442943374533
2015,MODENA,SCUOLA PRIMARIA,857,26542,0.032288448496722175
2015,FORLI'-CESENA,SCUOLA SECONDARIA I GRADO,509,7641,0.06661431749770973
2015,REGGIO EMILIA,SCUOLA SECONDARIA I GRADO,1449,15747,0.0920175271480282
2015,RIMINI,SCUOLA PRIMARIA,386,14865,0.02596703666330306
2015,PIACENZA,SCUOLA PRIMARIA,455,12223,0.037224903869753745
2015,RAVENNA,SCUOLA SECONDARIA I GRADO,980,10303,0.09511792681743182
2015,PIACENZA,SCUOLA SECONDARIA II GRADO,2648,11156,0.2373610613122983
2015,FORLI'-CESENA,SCUOLA PRIMARIA,297,13091,0.022687342449010772
2015,FERRARA,SCUOLA PRIMARIA,387,11763,0.03289977046671767
2015,REGGIO EMILIA,SCUOLA SECONDARIA II GRADO,5680,20633,0.2752871613434789
2015,MODENA,SCUOLA SECONDARIA II GRADO,8047,30672,0.2623565466875326
2015,RIMINI,SCUOLA SECONDARIA I GRADO,579,8682,0.06668970283344851
2015,RAVENNA,SCUOLA SECONDARIA II GRADO,3050,13530,0.2254249815225425
2015,PARMA,SCUOLA SECONDARIA II GRADO,3780,16966,0.22279853825297655
2015,MODENA,SCUOLA SECONDARIA I GRADO,1606,15089,0.10643515143482007
2015,PIACENZA,SCUOLA SECONDARIA I GRADO,709,7280,0.09739010989010989
2015,FORLI'-CESENA,SCUOLA SECONDARIA II GRADO,2678,14994,0.1786047752434307
2016,REGGIO EMILIA,SCUOLA PRIMARIA,828,26805,0.03088975937325126
2016,BOLOGNA,SCUOLA SECONDARIA II GRADO,7187,32687,0.21987334414293144
2016,REGGIO EMILIA,SCUOLA SECONDARIA II GRADO,5616,20931,0.2683101619607281
2016,RIMINI,SCUOLA PRIMARIA,424,15032,0.028206492815327302
2016,RAVENNA,SCUOLA PRIMARIA,458,17479,0.02620287201784999
2016,MODENA,SCUOLA SECONDARIA I GRADO,1794,19581,0.09161942699555692
2016,MODENA,SCUOLA SECONDARIA II GRADO,8155,31931,0.25539444427045815
2016,BOLOGNA,SCUOLA PRIMARIA,1286,42648,0.030153817295066592
2016,PARMA,SCUOLA PRIMARIA,559,19567,0.028568508202585986
2016,BOLOGNA,SCUOLA SECONDARIA I GRADO,2042,26110,0.07820758330141708
2016,PIACENZA,SCUOLA SECONDARIA II GRADO,2532,11181,0.22645559431177892
2016,RIMINI,SCUOLA SECONDARIA II GRADO,2851,13988,0.20381755790677725
2016,PARMA,SCUOLA SECONDARIA II GRADO,3854,17193,0.22416099575408596
2016,RAVENNA,SCUOLA SECONDARIA II GRADO,3099,13906,0.22285344455630662
2016,FERRARA,SCUOLA SECONDARIA I GRADO,830,7784,0.1066289825282631
2016,MODENA,SCUOLA PRIMARIA,1050,33603,0.031247210070529417
2016,FORLI'-CESENA,SCUOLA PRIMARIA,419,18302,0.022893672822642333
2016,FORLI'-CESENA,SCUOLA SECONDARIA I GRADO,822,10951,0.07506163820655648
2016,PIACENZA,SCUOLA PRIMARIA,452,12240,0.0369281045751634
2016,RAVENNA,SCUOLA SECONDARIA I GRADO,895,10345,0.08651522474625423
2016,RIMINI,SCUOLA SECONDARIA I GRADO,554,8791,0.06301899670117166
2016,PARMA,SCUOLA SECONDARIA I GRADO,1068,11152,0.09576757532281205
2016,FERRARA,SCUOLA PRIMARIA,408,12639,0.03228103489200095
2016,PIACENZA,SCUOLA SECONDARIA I GRADO,703,7367,0.09542554635536854
2016,FORLI'-CESENA,SCUOLA SECONDARIA II GRADO,2607,15369,0.16962717157915283
2016,REGGIO EMILIA,SCUOLA SECONDARIA I GRADO,1289,15689,0.08215947479125502
2017,REGGIO EMILIA,SCUOLA SECONDARIA II GRADO,5473,20874,0.2621922008239916
2017,RIMINI,SCUOLA SECONDARIA I GRADO,511,8893,0.05746092432250084
2017,FERRARA,SCUOLA PRIMARIA,406,12623,0.032163511051255644
2017,RAVENNA,SCUOLA PRIMARIA,473,17315,0.02731735489460006
2017,BOLOGNA,SCUOLA SECONDARIA II GRADO,7009,33784,0.20746507222353777
2017,REGGIO EMILIA,SCUOLA PRIMARIA,807,26630,0.03030416823131806
2017,PARMA,SCUOLA SECONDARIA I GRADO,989,11328,0.08730579096045198
2017,PIACENZA,SCUOLA SECONDARIA II GRADO,2563,11325,0.22631346578366446
2017,BOLOGNA,SCUOLA PRIMARIA,1238,43226,0.028640170267894324
2017,FORLI'-CESENA,SCUOLA SECONDARIA I GRADO,772,11109,0.06949320370870465
2017,RIMINI,SCUOLA SECONDARIA II GRADO,2828,14140,0.2
2017,RIMINI,SCUOLA PRIMARIA,387,14865,0.0260343087790111
2017,PARMA,SCUOLA PRIMARIA,557,19583,0.02844303732829495
2017,BOLOGNA,SCUOLA SECONDARIA I GRADO,1921,26784,0.07172192353643966
2017,MODENA,SCUOLA SECONDARIA II GRADO,8059,32521,0.2478091079610098
2017,RAVENNA,SCUOLA SECONDARIA I GRADO,853,10521,0.08107594335139245
2017,REGGIO EMILIA,SCUOLA SECONDARIA I GRADO,1273,15827,0.08043217286914765
2017,FORLI'-CESENA,SCUOLA PRIMARIA,391,18214,0.021467003403974963
2017,RAVENNA,SCUOLA SECONDARIA II GRADO,3025,14214,0.21281834810749964
2017,MODENA,SCUOLA SECONDARIA I GRADO,1742,19940,0.08736208625877633
2017,FORLI'-CESENA,SCUOLA SECONDARIA II GRADO,3195,17608,0.1814516129032258
2017,PIACENZA,SCUOLA PRIMARIA,460,12129,0.037925632780938245
2017,FERRARA,SCUOLA SECONDARIA I GRADO,726,7774,0.09338821713403653
2017,PARMA,SCUOLA SECONDARIA II GRADO,4037,17922,0.22525387791541124
2017,PIACENZA,SCUOLA SECONDARIA I GRADO,659,7391,0.08916249492626167
2017,MODENA,SCUOLA PRIMARIA,941,32060,0.029351216469120398
2018,BOLOGNA,SCUOLA SECONDARIA II GRADO,7590,36484,0.20803639951759675
2018,REGGIO EMILIA,SCUOLA SECONDARIA II GRADO,5372,21149,0.254007281668164
2018,FERRARA,SCUOLA PRIMARIA,398,12555,0.0317005177220231
2018,RIMINI,SCUOLA PRIMARIA,361,14776,0.024431510557661074
2018,PARMA,SCUOLA SECONDARIA I GRADO,956,11656,0.08201784488675361
2018,FERRARA,SCUOLA SECONDARIA I GRADO,729,7823,0.09318675699859388
2018,MODENA,SCUOLA SECONDARIA II GRADO,7981,33528,0.2380398472918158
2018,MODENA,SCUOLA PRIMARIA,873,33455,0.026094754147362127
2018,RIMINI,SCUOLA SECONDARIA II GRADO,2794,14244,0.19615276607694468
2018,RAVENNA,SCUOLA SECONDARIA I GRADO,858,10740,0.07988826815642458
2018,BOLOGNA,SCUOLA SECONDARIA I GRADO,1945,27223,0.07144693825074386
2018,PARMA,SCUOLA PRIMARIA,563,19489,0.028888090717840834
2018,MODENA,SCUOLA SECONDARIA I GRADO,1689,20249,0.08341152649513556
2018,PIACENZA,SCUOLA PRIMARIA,451,12131,0.03717747918555766
2018,REGGIO EMILIA,SCUOLA PRIMARIA,738,26234,0.028131432492185714
2018,FORLI'-CESENA,SCUOLA PRIMARIA,402,18041,0.02228257857103265
2018,BOLOGNA,SCUOLA PRIMARIA,1151,42989,0.026774291097722672
2018,PARMA,SCUOLA SECONDARIA II GRADO,3946,18174,0.21712336304610982
2018,PIACENZA,SCUOLA SECONDARIA II GRADO,2508,11403,0.21994212049460668
2018,RAVENNA,SCUOLA PRIMARIA,457,17149,0.026648784185666803
2018,FORLI'-CESENA,SCUOLA SECONDARIA II GRADO,3222,17918,0.17981917624734903
2018,REGGIO EMILIA,SCUOLA SECONDARIA I GRADO,1192,15927,0.07484146418032273
2018,RIMINI,SCUOLA SECONDARIA I GRADO,508,9110,0.0557628979143798
2018,RAVENNA,SCUOLA SECONDARIA II GRADO,3039,14411,0.21088057733675664
2018,PIACENZA,SCUOLA SECONDARIA I GRADO,681,7445,0.09147078576225655
2018,FORLI'-CESENA,SCUOLA SECONDARIA I GRADO,716,11215,0.06384306732055284
2018,FERRARA,SCUOLA SECONDARIA II GRADO,2911,14228,0.20459657014337926
2019,MODENA,SCUOLA SECONDARIA I GRADO,1553,20676,0.07511124008512285
2019,PARMA,SCUOLA SECONDARIA I GRADO,921,11848,0.07773463875759622
2019,BOLOGNA,SCUOLA SECONDARIA II GRADO,7518,37123,0.20251596045578213
2019,MODENA,SCUOLA PRIMARIA,825,32772,0.025173928963749544
2019,MODENA,SCUOLA SECONDARIA II GRADO,7918,33980,0.23301942319011182
2019,PARMA,SCUOLA PRIMARIA,549,19598,0.028013062557403816
2019,RAVENNA,SCUOLA PRIMARIA,452,16730,0.02701733413030484
2019,FERRARA,SCUOLA SECONDARIA I GRADO,760,8427,0.09018630592144299
2019,BOLOGNA,SCUOLA PRIMARIA,1091,42470,0.025688721450435603
2019,REGGIO EMILIA,SCUOLA PRIMARIA,679,25723,0.026396610037709444
2019,FORLI'-CESENA,SCUOLA PRIMARIA,387,17804,0.021736688384632667
2019,RIMINI,SCUOLA SECONDARIA I GRADO,497,9290,0.0534983853606028
2019,RAVENNA,SCUOLA SECONDARIA II GRADO,2992,14530,0.20591878871300756
2019,BOLOGNA,SCUOLA SECONDARIA I GRADO,1860,27393,0.06790055853685248
2019,RIMINI,SCUOLA PRIMARIA,316,14520,0.021763085399449034
2019,REGGIO EMILIA,SCUOLA SECONDARIA II GRADO,5355,21431,0.24987168120946293
2019,PIACENZA,SCUOLA SECONDARIA II GRADO,2551,11594,0.22002760048300846
2019,RAVENNA,SCUOLA SECONDARIA I GRADO,845,10951,0.07716190302255502
2019,FORLI'-CESENA,SCUOLA SECONDARIA II GRADO,3351,18135,0.1847808105872622
2019,PIACENZA,SCUOLA SECONDARIA I GRADO,687,7508,0.09150239744272776
2019,FERRARA,SCUOLA PRIMARIA,429,13040,0.03289877300613497
2019,RIMINI,SCUOLA SECONDARIA II GRADO,2774,14404,0.19258539294640378
2019,REGGIO EMILIA,SCUOLA SECONDARIA I GRADO,1167,16129,0.07235414470828942
2019,FERRARA,SCUOLA SECONDARIA II GRADO,2877,14408,0.19968073292615213
2019,FORLI'-CESENA,SCUOLA SECONDARIA I GRADO,715,11405,0.06269180184129768
2019,PARMA,SCUOLA SECONDARIA II GRADO,3886,18379,0.2114369661026171
2019,PIACENZA,SCUOLA PRIMARIA,444,12033,0.0368985290451259
2020,RAVENNA,SCUOLA PRIMARIA,414,16260,0.025461254612546124
2020,BOLOGNA,SCUOLA SECONDARIA I GRADO,1471,27379,0.0537273092516162
2020,FERRARA,SCUOLA SECONDARIA II GRADO,2513,14860,0.16911170928667563
2020,RAVENNA,SCUOLA SECONDARIA I GRADO,694,10963,0.0633038401897291
2020,FORLI'-CESENA,SCUOLA PRIMARIA,373,17419,0.021413399161834778
2020,BOLOGNA,SCUOLA SECONDARIA II GRADO,6343,38477,0.1648517296046989
2020,RIMINI,SCUOLA SECONDARIA II GRADO,2296,14795,0.15518756336600203
2020,RIMINI,SCUOLA PRIMARIA,273,14096,0.019367196367763906
2020,BOLOGNA,SCUOLA PRIMARIA,945,41331,0.02286419394643246
2020,PARMA,SCUOLA SECONDARIA II GRADO,3299,18764,0.17581539117458964
2020,MODENA,SCUOLA PRIMARIA,682,31932,0.02135788550670174
2020,MODENA,SCUOLA SECONDARIA II GRADO,6665,34735,0.19188138764934504
2020,FERRARA,SCUOLA PRIMARIA,395,12589,0.03137659861784097
2020,PARMA,SCUOLA SECONDARIA I GRADO,806,12603,0.0639530270570499
2020,RAVENNA,SCUOLA SECONDARIA II GRADO,2576,15028,0.17141336172478042
2020,REGGIO EMILIA,SCUOLA PRIMARIA,571,24864,0.022964929214929215
2020,PARMA,SCUOLA PRIMARIA,511,19493,0.026214538552300826
2020,MODENA,SCUOLA SECONDARIA I GRADO,1211,20771,0.058302440903182325
2020,RIMINI,SCUOLA SECONDARIA I GRADO,377,9285,0.04060312331717825
2020,PIACENZA,SCUOLA PRIMARIA,409,11921,0.034309202248133545
2020,REGGIO EMILIA,SCUOLA SECONDARIA II GRADO,4578,21943,0.20863145422230325
2020,PIACENZA,SCUOLA SECONDARIA I GRADO,578,7511,0.07695380109173212
2020,FORLI'-CESENA,SCUOLA SECONDARIA I GRADO,572,11291,0.050659817553803915
2020,FERRARA,SCUOLA SECONDARIA I GRADO,628,8432,0.07447817836812144
2020,REGGIO EMILIA,SCUOLA SECONDARIA I GRADO,902,16141,0.05588253515891209
2020,PIACENZA,SCUOLA SECONDARIA II GRADO,2211,12013,0.1840506118371764
2020,FORLI'-CESENA,SCUOLA SECONDARIA II GRADO,2818,18711,0.1506065950510395
2021,PIACENZA,SCUOLA SECONDARIA II GRADO,2338,12059,0.193880089559665
2021,BOLOGNA,SCUOLA PRIMARIA,986,41072,0.024006622516556293
2021,RAVENNA,SCUOLA SECONDARIA I GRADO,700,10953,0.06390943120606227
2021,MODENA,SCUOLA PRIMARIA,721,31350,0.02299840510366826
2021,PARMA,SCUOLA PRIMARIA,573,19357,0.02960169447745002
2021,RIMINI,SCUOLA SECONDARIA II GRADO,2534,15035,0.16854007316262054
2021,FERRARA,SCUOLA SECONDARIA I GRADO,757,8684,0.08717181022570245
2021,BOLOGNA,SCUOLA SECONDARIA I GRADO,1513,27205,0.055614776695460395
2021,MODENA,SCUOLA SECONDARIA II GRADO,6811,34930,0.19498997995991985
2021,FERRARA,SCUOLA PRIMARIA,451,12337,0.036556699359649836
2021,PARMA,SCUOLA SECONDARIA II GRADO,3539,19076,0.1855210736003355
2021,BOLOGNA,SCUOLA SECONDARIA II GRADO,6713,38870,0.17270388474401852
2021,RIMINI,SCUOLA PRIMARIA,299,13804,0.021660388293248335
2021,REGGIO EMILIA,SCUOLA PRIMARIA,596,24365,0.0244613174635748
2021,RIMINI,SCUOLA SECONDARIA I GRADO,387,9360,0.041346153846153845
2021,FORLI'-CESENA,SCUOLA SECONDARIA I GRADO,551,11301,0.048756747190514114
2021,REGGIO EMILIA,SCUOLA SECONDARIA II GRADO,4907,22139,0.2216450607525182
2021,MODENA,SCUOLA SECONDARIA I GRADO,1245,20929,0.059486836447035216
2021,RAVENNA,SCUOLA PRIMARIA,390,15903,0.024523674778343708
2021,PARMA,SCUOLA SECONDARIA I GRADO,876,12702,0.06896551724137931
2021,FORLI'-CESENA,SCUOLA PRIMARIA,393,17042,0.02306067362985565
2021,FERRARA,SCUOLA SECONDARIA II GRADO,2629,15123,0.17384116908020894
2021,REGGIO EMILIA,SCUOLA SECONDARIA I GRADO,932,16172,0.05763047242146921
2021,FORLI'-CESENA,SCUOLA SECONDARIA II GRADO,3071,18937,0.16216929819929238
2021,PIACENZA,SCUOLA PRIMARIA,392,11938,0.03283632099179092
2021,RAVENNA,SCUOLA SECONDARIA II GRADO,2754,15208,0.18108890057864283
2021,PIACENZA,SCUOLA SECONDARIA I GRADO,651,7646,0.0851425582003662
2022,PIACENZA,SCUOLA PRIMARIA,419,11969,0.03500710167933829
2022,BOLOGNA,SCUOLA SECONDARIA I GRADO,1518,26954,0.05631817169993322
2022,BOLOGNA,SCUOLA PRIMARIA,947,40562,0.02334697500123268
2022,BOLOGNA,SCUOLA SECONDARIA II GRADO,6474,38911,0.16637968697797537
2022,MODENA,SCUOLA PRIMARIA,656,30616,0.021426704990854455
2022,REGGIO EMILIA,SCUOLA PRIMARIA,590,23719,0.024874573127028964
2022,RIMINI,SCUOLA SECONDARIA II GRADO,2518,15212,0.16552721535629766
2022,PIACENZA,SCUOLA SECONDARIA II GRADO,2429,12163,0.1997040203897065
2022,RIMINI,SCUOLA PRIMARIA,301,13584,0.02215842167255595
2022,FERRARA,SCUOLA PRIMARIA,436,12072,0.036116633532140494
2022,PARMA,SCUOLA SECONDARIA I GRADO,931,12666,0.07350386862466446
2022,PARMA,SCUOLA PRIMARIA,599,19313,0.031015378242634496
2022,REGGIO EMILIA,SCUOLA SECONDARIA II GRADO,4791,22203,0.21578165112822592
2022,MODENA,SCUOLA SECONDARIA II GRADO,6711,35153,0.19090831507979406
2022,RAVENNA,SCUOLA PRIMARIA,376,15541,0.024194067305836175
2022,REGGIO EMILIA,SCUOLA SECONDARIA I GRADO,896,15894,0.056373474267019004
2022,MODENA,SCUOLA SECONDARIA I GRADO,1265,20775,0.06089049338146811
2022,RIMINI,SCUOLA SECONDARIA I GRADO,415,9164,0.04528590135312091
2022,PARMA,SCUOLA SECONDARIA II GRADO,3610,19296,0.18708540630182421
2022,RAVENNA,SCUOLA SECONDARIA II GRADO,2939,16006,0.18361864300887168
2022,RAVENNA,SCUOLA SECONDARIA I GRADO,679,10751,0.06315691563575482
2022,FORLI'-CESENA,SCUOLA PRIMARIA,412,16683,0.024695798117844513
2022,FORLI'-CESENA,SCUOLA SECONDARIA I GRADO,559,11248,0.049697724039829305
2022,FERRARA,SCUOLA SECONDARIA I GRADO,821,8580,0.09568764568764569
2022,FERRARA,SCUOLA SECONDARIA II GRADO,2637,15452,0.1706575200621279
2022,FORLI'-CESENA,SCUOLA SECONDARIA II GRADO,3037,19073,0.1592303255911498
2022,PIACENZA,SCUOLA SECONDARIA I GRADO,716,7648,0.09361924686192469
2023,REGGIO EMILIA,SCUOLA PRIMARIA,598,23073,0.025917739349022667
2023,MODENA,SCUOLA SECONDARIA II GRADO,6863,35241,0.19474475752674442
2023,REGGIO EMILIA,SCUOLA SECONDARIA I GRADO,956,15741,0.06073311733689092
2023,RAVENNA,SCUOLA SECONDARIA I GRADO,681,10520,0.06473384030418251
2023,BOLOGNA,SCUOLA SECONDARIA I GRADO,1600,26529,0.06031135738248709
2023,REGGIO EMILIA,SCUOLA SECONDARIA II GRADO,5060,22365,0.2262463670914375
2023,FERRARA,SCUOLA PRIMARIA,473,11869,0.03985171455050973
2023,BOLOGNA,SCUOLA SECONDARIA II GRADO,6832,40032,0.1706634692246203
2023,BOLOGNA,SCUOLA PRIMARIA,967,40649,0.02378902310019927
2023,RIMINI,SCUOLA PRIMARIA,293,13241,0.022128238048485765
2023,PARMA,SCUOLA SECONDARIA I GRADO,1034,12567,0.082278984642317185
2023,FERRARA,SCUOLA SECONDARIA II GRADO,2816,15737,0.1789413484145644
2023,MODENA,SCUOLA PRIMARIA,665,29908,0.022234853550889395
2023,FORLI'-CESENA,SCUOLA PRIMARIA,394,16308,0.024159921510914888
2023,PARMA,SCUOLA SECONDARIA II GRADO,3882,20364,0.19063052445492046
2023,RIMINI,SCUOLA SECONDARIA II GRADO,2513,15284,0.1644203088196807
2023,PARMA,SCUOLA PRIMARIA,542,19128,0.02833542450857382
2023,PIACENZA,SCUOLA SECONDARIA II GRADO,2564,12426,0.20634154192821502
2023,RAVENNA,SCUOLA PRIMARIA,324,15246,0.021251475796930343
2023,PIACENZA,SCUOLA SECONDARIA I GRADO,734,7670,0.09569752281616688
2023,MODENA,SCUOLA SECONDARIA I GRADO,1202,20645,0.05822232986195205
2023,RIMINI,SCUOLA SECONDARIA I GRADO,451,9041,0.04988386240460126
2023,FORLI'-CESENA,SCUOLA SECONDARIA I GRADO,639,11261,0.05674451647278217
2023,PIACENZA,SCUOLA PRIMARIA,422,11797,0.035771806391455455
2023,FERRARA,SCUOLA SECONDARIA I GRADO,870,8430,0.10320284697508897
2023,RAVENNA,SCUOLA SECONDARIA II GRADO,2959,16161,0.18309510550089722
2023,FORLI'-CESENA,SCUOLA SECONDARIA II GRADO,3085,19276,0.16004357750570658
2024,BOLOGNA,SCUOLA SECONDARIA II GRADO,7289,40735,0.1789370320363324
2024,RIMINI,SCUOLA PRIMARIA,323,13621,0.02371338374568681
2024,PIACENZA,SCUOLA SECONDARIA II GRADO,2654,12469,0.21284786269949474
2024,REGGIO EMILIA,SCUOLA PRIMARIA,625,22414,0.027884357990541626
2024,FERRARA,SCUOLA SECONDARIA II GRADO,3076,15956,0.19278014539984958
2024,REGGIO EMILIA,SCUOLA SECONDARIA II GRADO,5250,22871,0.22954833632110533
2024,FORLI'-CESENA,SCUOLA PRIMARIA,367,15902,0.023078858005282355
2024,PARMA,SCUOLA PRIMARIA,534,18758,0.02846785371574795
2024,MODENA,SCUOLA SECONDARIA I GRADO,1246,20264,0.06148835373075404
2024,MODENA,SCUOLA PRIMARIA,650,29285,0.02219566330886119
2024,BOLOGNA,SCUOLA SECONDARIA I GRADO,1572,26361,0.05963354956185274
2024,MODENA,SCUOLA SECONDARIA II GRADO,7039,35466,0.19847177578525912
2024,FERRARA,SCUOLA PRIMARIA,490,11649,0.042063696454631296
2024,REGGIO EMILIA,SCUOLA SECONDARIA I GRADO,975,15430,0.06318859364873623
2024,RAVENNA,SCUOLA PRIMARIA,278,14972,0.01856799358803099
2024,PARMA,SCUOLA SECONDARIA I GRADO,1070,12371,0.08649260366987309
2024,PIACENZA,SCUOLA PRIMARIA,395,11642,0.03392887819962206
2024,RAVENNA,SCUOLA SECONDARIA I GRADO,668,10269,0.0650501509397215
2024,PARMA,SCUOLA SECONDARIA II GRADO,3990,20618,0.19352022504607624
2024,RIMINI,SCUOLA SECONDARIA II GRADO,2495,15262,0.16347791901454592
2024,RAVENNA,SCUOLA SECONDARIA II GRADO,3092,16324,0.18941435922567998
2024,FORLI'-CESENA,SCUOLA SECONDARIA I GRADO,649,11044,0.05876494023904383
2024,BOLOGNA,SCUOLA PRIMARIA,958,40003,0.023948203884708648
2024,PIACENZA,SCUOLA SECONDARIA I GRADO,707,7629,0.09267269629047058
2024,RIMINI,SCUOLA SECONDARIA I GRADO,469,9388,0.049957392415850024
2024,FERRARA,SCUOLA SECONDARIA I GRADO,850,8201,0.10364589684184855
2024,FORLI'-CESENA,SCUOLA SECONDARIA II GRADO,3187,19560,0.16293456032719836
2015,FERRARA,SCUOLA SECONDARIA II GRADO,3059,13977,0.21885955498318665
2016,FERRARA,SCUOLA SECONDARIA II GRADO,3055,14129,0.21622195484464576
2017,FERRARA,SCUOLA SECONDARIA II GRADO,3027,14141,0.21405841171062867
2015,EMILIA-ROMAGNA,SCUOLA PRIMARIA,5529,183572,0.030118972392303836
2015,EMILIA-ROMAGNA,SCUOLA SECONDARIA I GRADO,9898,108377,0.09132934109635808
2015,EMILIA-ROMAGNA,SCUOLA SECONDARIA II GRADO,38783,166511,0.23291554311727153
2016,EMILIA-ROMAGNA,SCUOLA PRIMARIA,5884,198315,0.029669969492978343
2016,EMILIA-ROMAGNA,SCUOLA SECONDARIA II GRADO,38956,171315,0.22739398184630652
2016,EMILIA-ROMAGNA,SCUOLA SECONDARIA I GRADO,9997,117770,0.08488579434490957
2017,EMILIA-ROMAGNA,SCUOLA SECONDARIA II GRADO,39216,176529,0.22215046819502746
2017,EMILIA-ROMAGNA,SCUOLA SECONDARIA I GRADO,9446,119567,0.07900173124691595
2017,EMILIA-ROMAGNA,SCUOLA PRIMARIA,5660,196645,0.028782832006916018
2018,EMILIA-ROMAGNA,SCUOLA SECONDARIA II GRADO,39363,181539,0.21682944160758846
2018,EMILIA-ROMAGNA,SCUOLA PRIMARIA,5394,196819,0.02740589069144747
2018,EMILIA-ROMAGNA,SCUOLA SECONDARIA I GRADO,9274,121388,0.07639964411638712
2019,EMILIA-ROMAGNA,SCUOLA SECONDARIA I GRADO,9005,123627,0.07284007538806248
2019,EMILIA-ROMAGNA,SCUOLA SECONDARIA II GRADO,39222,183984,0.2131815810070441
2019,EMILIA-ROMAGNA,SCUOLA PRIMARIA,5172,194690,0.026565308952694027
2020,EMILIA-ROMAGNA,SCUOLA PRIMARIA,4573,189905,0.024080461283273215
2020,EMILIA-ROMAGNA,SCUOLA SECONDARIA I GRADO,7239,124376,0.05820254711519907
2020,EMILIA-ROMAGNA,SCUOLA SECONDARIA II GRADO,33299,189326,0.17588181232371677
2021,EMILIA-ROMAGNA,SCUOLA SECONDARIA II GRADO,35296,191377,0.1844317760232421
2021,EMILIA-ROMAGNA,SCUOLA PRIMARIA,4801,187168,0.025650752265344502
2021,EMILIA-ROMAGNA,SCUOLA SECONDARIA I GRADO,7612,124952,0.06091939304693002
2022,EMILIA-ROMAGNA,SCUOLA PRIMARIA,4736,184059,0.02573087977224694
2022,EMILIA-ROMAGNA,SCUOLA SECONDARIA I GRADO,7800,123680,0.0630659767141009
2022,EMILIA-ROMAGNA,SCUOLA SECONDARIA II GRADO,35146,193469,0.1816621784368555
2023,EMILIA-ROMAGNA,SCUOLA PRIMARIA,4678,181219,0.025814070268570074
2023,EMILIA-ROMAGNA,SCUOLA SECONDARIA II GRADO,36574,196886,0.1857623193116829
2023,EMILIA-ROMAGNA,SCUOLA SECONDARIA I GRADO,8167,122404,0.06672167576223
2024,EMILIA-ROMAGNA,SCUOLA SECONDARIA II GRADO,38072,199261,0.19106598882872214
2024,EMILIA-ROMAGNA,SCUOLA PRIMARIA,4620,178246,0.025919235214254457
2024,EMILIA-ROMAGNA,SCUOLA SECONDARIA I GRADO,8206,120957,0.06784229106211298
