anno_inizio,provincia,ordine_scuola,anno_corso,alunni_ritardo,alunni,quota_ritardo
2024,BOLOGNA,SCUOLA SECONDARIA II GRADO,2,1556,8554,0.1819032031797989
2024,RIMINI,SCUOLA PRIMARIA,3,75,2723,0.027543150936467132
2024,BOLOGNA,SCUOLA SECONDARIA II GRADO,1,1732,9682,0.1788886593678992
2024,PIACENZA,SCUOLA SECONDARIA II GRADO,3,566,2485,0.22776659959758552
2024,RIMINI,SCUOLA PRIMARIA,4,83,2878,0.028839471855455177
2024,REGGIO EMILIA,SCUOLA PRIMARIA,2,102,4314,0.02364394993045897
2024,FERRARA,SCUOLA SECONDARIA II GRADO,2,674,3444,0.1957026713124274
2024,BOLOGNA,SCUOLA SECONDARIA II GRADO,4,1372,7436,0.18450779989241528
2024,REGGIO EMILIA,SCUOLA SECONDARIA II GRADO,4,972,4129,0.2354080891256963
2024,FORLI'-CESENA,SCUOLA PRIMARIA,4,85,3271,0.025985937022317333
2024,PARMA,SCUOLA PRIMARIA,4,127,3848,0.033004158004158006
2024,MODENA,SCUOLA SECONDARIA I GRADO,1,332,6540,0.05076452599388379
2024,MODENA,SCUOLA SECONDARIA I GRADO,2,406,6844,0.059322033898305086
2024,PARMA,SCUOLA PRIMARIA,2,70,3638,0.019241341396371632
2024,MODENA,SCUOLA PRIMARIA,5,171,6046,0.02828316242143566
2024,RIMINI,SCUOLA PRIMARIA,1,36,2467,0.014592622618565058
2024,BOLOGNA,SCUOLA SECONDARIA I GRADO,2,539,8829,0.061048816400498356
2024,MODENA,SCUOLA SECONDARIA II GRADO,2,1598,7518,0.2125565309922852
2024,PIACENZA,SCUOLA SECONDARIA II GRADO,2,561,2651,0.21161825726141079
2024,MODENA,SCUOLA PRIMARIA,2,105,5743,0.018283127285390912
2024,REGGIO EMILIA,SCUOLA PRIMARIA,1,70,4117,0.017002671848433324
2024,RIMINI,SCUOLA PRIMARIA,2,54,2575,0.020970873786407766
2024,FERRARA,SCUOLA PRIMARIA,2,79,2263,0.034909412284577994
2024,REGGIO EMILIA,SCUOLA SECONDARIA I GRADO,3,359,5182,0.06927827093786183
2024,RAVENNA,SCUOLA PRIMARIA,3,63,2942,0.02141400407885792
2024,MODENA,SCUOLA SECONDARIA II GRADO,1,1506,8485,0.1774896876841485
2024,PARMA,SCUOLA SECONDARIA I GRADO,1,310,4102,0.07557289127254997
2024,BOLOGNA,SCUOLA SECONDARIA II GRADO,5,1090,7065,0.1542816702052371
2024,PIACENZA,SCUOLA PRIMARIA,3,95,2363,0.040203131612357175
2024,RAVENNA,SCUOLA SECONDARIA I GRADO,3,268,3516,0.07622298065984073
2024,REGGIO EMILIA,SCUOLA SECONDARIA II GRADO,3,1169,4594,0.25446234218545927
2024,PARMA,SCUOLA SECONDARIA I GRADO,3,416,4151,0.10021681522524693
2024,PARMA,SCUOLA SECONDARIA II GRADO,5,590,3334,0.17696460707858427
2024,BOLOGNA,SCUOLA SECONDARIA I GRADO,3,622,8873,0.07010030429392539
2024,MODENA,SCUOLA SECONDARIA I GRADO,3,508,6880,0.07383720930232558
2024,PARMA,SCUOLA PRIMARIA,1,66,3499,0.01886253215204344
2024,BOLOGNA,SCUOLA SECONDARIA I GRADO,1,411,8659,0.04746506525002887
2024,MODENA,SCUOLA SECONDARIA II GRADO,4,1361,6485,0.20986892829606785
2024,FORLI'-CESENA,SCUOLA PRIMARIA,5,106,3382,0.03134240094618569
2024,PARMA,SCUOLA SECONDARIA II GRADO,4,719,3864,0.18607660455486544
2024,RIMINI,SCUOLA SECONDARIA II GRADO,4,519,2881,0.1801457827143353
2024,REGGIO EMILIA,SCUOLA SECONDARIA II GRADO,5,820,3648,0.22478070175438597
2024,RAVENNA,SCUOLA SECONDARIA II GRADO,3,660,3224,0.20471464019851116
2024,FORLI'-CESENA,SCUOLA SECONDARIA I GRADO,1,161,3582,0.044946957007258516
2024,RIMINI,SCUOLA PRIMARIA,5,75,2978,0.025184687709872398
2024,RAVENNA,SCUOLA PRIMARIA,1,18,2873,0.006265227984684998
2024,MODENA,SCUOLA PRIMARIA,3,132,5948,0.02219233355749832
2024,PARMA,SCUOLA PRIMARIA,5,152,3926,0.03871625063678044
2024,PIACENZA,SCUOLA PRIMARIA,2,58,2191,0.02647193062528526
2024,BOLOGNA,SCUOLA PRIMARIA,1,111,7634,0.014540214828399267
2024,REGGIO EMILIA,SCUOLA SECONDARIA II GRADO,2,1139,4873,0.23373691770982968
2024,FORLI'-CESENA,SCUOLA PRIMARIA,2,58,3089,0.01877630301068307
2024,MODENA,SCUOLA SECONDARIA II GRADO,5,1053,5906,0.17829326109041652
2024,PARMA,SCUOLA PRIMARIA,3,119,3847,0.030933194697166624
2024,PIACENZA,SCUOLA SECONDARIA I GRADO,1,191,2565,0.07446393762183236
2024,REGGIO EMILIA,SCUOLA PRIMARIA,3,134,4462,0.03003137606454505
2024,BOLOGNA,SCUOLA PRIMARIA,4,230,8275,0.027794561933534745
2024,RAVENNA,SCUOLA SECONDARIA I GRADO,1,163,3317,0.049140789870364784
2024,RIMINI,SCUOLA SECONDARIA II GRADO,3,578,3163,0.18273790705026874
2024,REGGIO EMILIA,SCUOLA SECONDARIA I GRADO,2,346,5201,0.06652566814074216
2024,FERRARA,SCUOLA SECONDARIA II GRADO,1,731,3685,0.1983717774762551
2024,MODENA,SCUOLA PRIMARIA,1,71,5513,0.01287865046254308
2024,BOLOGNA,SCUOLA PRIMARIA,2,169,7666,0.022045395251761024
2024,RIMINI,SCUOLA SECONDARIA II GRADO,2,525,3175,0.16535433070866143
2024,FERRARA,SCUOLA PRIMARIA,1,51,2194,0.02324521422060164
2024,RIMINI,SCUOLA SECONDARIA I GRADO,2,166,3165,0.05244865718799368
2024,RAVENNA,SCUOLA PRIMARIA,5,91,3168,0.028724747474747476
2024,MODENA,SCUOLA PRIMARIA,4,171,6035,0.028334714167357083
2024,BOLOGNA,SCUOLA PRIMARIA,5,261,8445,0.030905861456483125
2024,PIACENZA,SCUOLA PRIMARIA,4,113,2376,0.04755892255892256
2024,PIACENZA,SCUOLA SECONDARIA I GRADO,3,282,2506,0.11252992817238627
2024,BOLOGNA,SCUOLA SECONDARIA II GRADO,3,1539,7998,0.19242310577644411
2024,FORLI'-CESENA,SCUOLA SECONDARIA I GRADO,3,254,3782,0.0671602326811211
2024,RAVENNA,SCUOLA PRIMARIA,4,67,3045,0.02200328407224959
2024,PIACENZA,SCUOLA SECONDARIA I GRADO,2,234,2558,0.09147771696637999
2024,RIMINI,SCUOLA SECONDARIA I GRADO,1,103,3075,0.03349593495934959
2024,REGGIO EMILIA,SCUOLA SECONDARIA I GRADO,1,270,5047,0.053497127006142266
2024,REGGIO EMILIA,SCUOLA SECONDARIA II GRADO,1,1150,5627,0.20437177892304959
2024,RAVENNA,SCUOLA SECONDARIA II GRADO,4,589,2923,0.20150530277112555
2024,FERRARA,SCUOLA PRIMARIA,5,146,2495,0.05851703406813627
2024,PIACENZA,SCUOLA SECONDARIA II GRADO,1,621,2930,0.21194539249146757
2024,FERRARA,SCUOLA SECONDARIA I GRADO,2,299,2735,0.1093235831809872
2024,RAVENNA,SCUOLA SECONDARIA I GRADO,2,237,3436,0.0689755529685681
2024,RAVENNA,SCUOLA SECONDARIA II GRADO,5,501,2807,0.17848236551478447
2024,REGGIO EMILIA,SCUOLA PRIMARIA,5,140,4739,0.029542097488921712
2024,FERRARA,SCUOLA SECONDARIA I GRADO,1,222,2678,0.08289768483943241
2024,FORLI'-CESENA,SCUOLA SECONDARIA I GRADO,2,234,3680,0.06358695652173912
2024,PIACENZA,SCUOLA PRIMARIA,1,41,2265,0.018101545253863136
2024,RAVENNA,SCUOLA SECONDARIA II GRADO,1,655,3852,0.17004153686396678
2024,PIACENZA,SCUOLA SECONDARIA II GRADO,5,408,2152,0.1895910780669145
2024,FERRARA,SCUOLA PRIMARIA,3,100,2367,0.04224757076468103
2024,FERRARA,SCUOLA SECONDARIA II GRADO,3,632,3214,0.19663970130678282
2024,PARMA,SCUOLA SECONDARIA II GRADO,1,979,5001,0.1957608478304339
2024,REGGIO EMILIA,SCUOLA PRIMARIA,4,179,4782,0.03743203680468423
2024,FERRARA,SCUOLA PRIMARIA,4,114,2330,0.048927038626609444
2024,PIACENZA,SCUOLA PRIMARIA,5,88,2447,0.03596240294237842
2024,BOLOGNA,SCUOLA PRIMARIA,3,187,7983,0.023424777652511587
2024,FORLI'-CESENA,SCUOLA SECONDARIA II GRADO,3,670,3903,0.1716628234691263
2024,RAVENNA,SCUOLA SECONDARIA II GRADO,2,687,3518,0.1952814098919841
2024,RIMINI,SCUOLA SECONDARIA II GRADO,5,379,2546,0.14886095836606442
2024,FORLI'-CESENA,SCUOLA PRIMARIA,3,76,3204,0.02372034956304619
2024,FERRARA,SCUOLA SECONDARIA I GRADO,3,329,2788,0.11800573888091823
2024,RIMINI,SCUOLA SECONDARIA I GRADO,3,200,3148,0.06353240152477764
2024,PIACENZA,SCUOLA SECONDARIA II GRADO,4,498,2244,0.22192513368983957
2024,FORLI'-CESENA,SCUOLA PRIMARIA,1,42,2956,0.014208389715832206
2024,PARMA,SCUOLA SECONDARIA I GRADO,2,344,4118,0.08353569694026226
2024,FORLI'-CESENA,SCUOLA SECONDARIA II GRADO,4,596,3627,0.16432313206506755
2024,PARMA,SCUOLA SECONDARIA II GRADO,2,849,4379,0.19387988125142727
2024,FORLI'-CESENA,SCUOLA SECONDARIA II GRADO,1,674,4567,0.14758046857893584
2024,PARMA,SCUOLA SECONDARIA II GRADO,3,853,4040,0.21113861386138613
2024,FORLI'-CESENA,SCUOLA SECONDARIA II GRADO,2,681,4035,0.1687732342007435
2024,FORLI'-CESENA,SCUOLA SECONDARIA II GRADO,5,566,3428,0.16511085180863477
2024,MODENA,SCUOLA SECONDARIA II GRADO,3,1521,7072,0.21507352941176472
2024,RAVENNA,SCUOLA PRIMARIA,2,39,2944,0.013247282608695652
2024,RIMINI,SCUOLA SECONDARIA II GRADO,1,494,3497,0.1412639405204461
2024,FERRARA,SCUOLA SECONDARIA II GRADO,4,558,2884,0.19348127600554785
2024,FERRARA,SCUOLA SECONDARIA II GRADO,5,481,2729,0.1762550384756321
2024,PIACENZA,SCUOLA SECONDARIA II GRADO,6,0,7,0
2024,EMILIA-ROMAGNA,SCUOLA SECONDARIA II GRADO,2,8270,42147,0.19621799890858188
2024,EMILIA-ROMAGNA,SCUOLA PRIMARIA,3,981,35839,0.027372415524986746
2024,EMILIA-ROMAGNA,SCUOLA SECONDARIA II GRADO,1,8542,47326,0.18049275239825888
2024,EMILIA-ROMAGNA,SCUOLA SECONDARIA II GRADO,3,8188,39693,0.20628322374222155
2024,EMILIA-ROMAGNA,SCUOLA PRIMARIA,4,1169,36840,0.03173181324647123
2024,EMILIA-ROMAGNA,SCUOLA PRIMARIA,2,734,34423,0.02132295267698922
2024,EMILIA-ROMAGNA,SCUOLA SECONDARIA II GRADO,4,7184,36473,0.19696761988320127
2024,EMILIA-ROMAGNA,SCUOLA SECONDARIA I GRADO,1,2163,39565,0.05466953115127006
2024,EMILIA-ROMAGNA,SCUOLA SECONDARIA I GRADO,2,2805,40566,0.06914657595030321
2024,EMILIA-ROMAGNA,SCUOLA PRIMARIA,5,1230,37626,0.03269016105884229
2024,EMILIA-ROMAGNA,SCUOLA PRIMARIA,1,506,33518,0.015096366131630765
2024,EMILIA-ROMAGNA,SCUOLA SECONDARIA I GRADO,3,3238,40826,0.07931220300788713
2024,EMILIA-ROMAGNA,SCUOLA SECONDARIA II GRADO,5,5888,33615,0.17515989885467798
2024,EMILIA-ROMAGNA,SCUOLA SECONDARIA II GRADO,6,0,7,0
