anno_inizio,comune,pro_com_t,ordine_scuola,alunni_ritardo,alunni,quota_ritardo
2015,Parma,034027,SCUOLA PRIMARIA,222,8123,0.027329804259510034
2015,Parma,034027,SCUOLA SECONDARIA I GRADO,487,4906,0.09926620464737057
2015,Fidenza,034014,SCUOLA PRIMARIA,23,953,0.024134312696747113
2015,Traversetolo,034042,SCUOLA SECONDARIA II GRADO,13,57,0.22807017543859648
2015,Salsomaggiore Terme,034032,SCUOLA SECONDARIA I GRADO,46,559,0.08228980322003578
2015,Parma,034027,SCUOLA SECONDARIA II GRADO,2703,12477,0.21663861505169513
2015,Busseto,034007,SCUOLA SECONDARIA I GRADO,22,245,0.08979591836734693
2015,Salsomaggiore Terme,034032,SCUOLA PRIMARIA,25,785,0.03184713375796178
2015,Fidenza,034014,SCUOLA SECONDARIA I GRADO,1,63,0.015873015873015872
2016,Parma,034027,SCUOLA PRIMARIA,212,8242,0.025721912157243388
2016,Parma,034027,SCUOLA SECONDARIA II GRADO,2844,12744,0.2231638418079096
2016,Fidenza,034014,SCUOLA PRIMARIA,34,1007,0.033763654419066536
2016,Busseto,034007,SCUOLA SECONDARIA I GRADO,22,246,0.08943089430894309
2016,Salsomaggiore Terme,034032,SCUOLA PRIMARIA,26,800,0.0325
2016,Traversetolo,034042,SCUOLA SECONDARIA II GRADO,12,49,0.24489795918367346
2016,Fidenza,034014,SCUOLA SECONDARIA I GRADO,0,70,0
2016,Parma,034027,SCUOLA SECONDARIA I GRADO,452,5030,0.08986083499005965
2016,Salsomaggiore Terme,034032,SCUOLA SECONDARIA I GRADO,38,572,0.06643356643356643
2017,Parma,034027,SCUOLA SECONDARIA I GRADO,413,5087,0.08118734027914291
2017,Fidenza,034014,SCUOLA PRIMARIA,29,1004,0.02888446215139442
2017,Salsomaggiore Terme,034032,SCUOLA SECONDARIA I GRADO,41,552,0.07427536231884058
2017,Parma,034027,SCUOLA PRIMARIA,238,8325,0.02858858858858859
2017,Fidenza,034014,SCUOLA SECONDARIA I GRADO,1,63,0.015873015873015872
2017,Busseto,034007,SCUOLA SECONDARIA I GRADO,27,262,0.10305343511450382
2017,Salsomaggiore Terme,034032,SCUOLA PRIMARIA,17,814,0.020884520884520884
2017,Traversetolo,034042,SCUOLA SECONDARIA II GRADO,15,53,0.2830188679245283
2017,Parma,034027,SCUOLA SECONDARIA II GRADO,2900,13097,0.22142475376040316
2018,Parma,034027,SCUOLA SECONDARIA I GRADO,389,5243,0.07419416364676712
2018,Salsomaggiore Terme,034032,SCUOLA PRIMARIA,21,802,0.026184538653366583
2018,Traversetolo,034042,SCUOLA SECONDARIA II GRADO,10,47,0.2127659574468085
2018,Fidenza,034014,SCUOLA PRIMARIA,24,1015,0.023645320197044337
2018,Parma,034027,SCUOLA PRIMARIA,227,8274,0.027435339618080735
2018,Fidenza,034014,SCUOLA SECONDARIA I GRADO,2,59,0.03389830508474576
2018,Busseto,034007,SCUOLA SECONDARIA I GRADO,25,275,0.09090909090909091
2018,Parma,034027,SCUOLA SECONDARIA II GRADO,2808,13254,0.21186057039384337
2018,Salsomaggiore Terme,034032,SCUOLA SECONDARIA I GRADO,37,588,0.06292517006802721
2019,Busseto,034007,SCUOLA SECONDARIA I GRADO,23,276,0.08333333333333333
2019,Parma,034027,SCUOLA SECONDARIA I GRADO,372,5322,0.06989853438556934
2019,Parma,034027,SCUOLA PRIMARIA,218,8534,0.025544879306304193
2019,Fidenza,034014,SCUOLA PRIMARIA,25,1048,0.02385496183206107
2019,Fidenza,034014,SCUOLA SECONDARIA I GRADO,2,62,0.03225806451612903
2019,Parma,034027,SCUOLA SECONDARIA II GRADO,2743,13406,0.20460987617484708
2019,Salsomaggiore Terme,034032,SCUOLA SECONDARIA I GRADO,34,572,0.05944055944055944
2019,Traversetolo,034042,SCUOLA SECONDARIA II GRADO,8,35,0.22857142857142856
2019,Salsomaggiore Terme,034032,SCUOLA PRIMARIA,25,808,0.03094059405940594
2020,Traversetolo,034042,SCUOLA SECONDARIA II GRADO,5,36,0.1388888888888889
2020,Parma,034027,SCUOLA SECONDARIA I GRADO,285,5398,0.05279733234531308
2020,Parma,034027,SCUOLA PRIMARIA,212,8346,0.025401389887371197
2020,Fidenza,034014,SCUOLA PRIMARIA,24,1321,0.018168054504163512
2020,Parma,034027,SCUOLA SECONDARIA II GRADO,2310,13747,0.16803666254455518
2020,Salsomaggiore Terme,034032,SCUOLA PRIMARIA,20,806,0.02481389578163772
2020,Salsomaggiore Terme,034032,SCUOLA SECONDARIA I GRADO,25,587,0.04258943781942078
2020,Fidenza,034014,SCUOLA SECONDARIA I GRADO,86,716,0.12011173184357542
2020,Busseto,034007,SCUOLA SECONDARIA I GRADO,14,288,0.04861111111111111
2021,Parma,034027,SCUOLA PRIMARIA,243,8303,0.029266530169818138
2021,Parma,034027,SCUOLA SECONDARIA II GRADO,2480,14059,0.17639945942101146
2021,Traversetolo,034042,SCUOLA SECONDARIA II GRADO,9,42,0.21428571428571427
2021,Parma,034027,SCUOLA SECONDARIA I GRADO,298,5417,0.0550119992615839
2021,Busseto,034007,SCUOLA SECONDARIA I GRADO,18,305,0.05901639344262295
2021,Fidenza,034014,SCUOLA PRIMARIA,21,1326,0.01583710407239819
2021,Salsomaggiore Terme,034032,SCUOLA SECONDARIA I GRADO,24,578,0.04152249134948097
2021,Salsomaggiore Terme,034032,SCUOLA PRIMARIA,17,788,0.021573604060913704
2021,Salsomaggiore Terme,034032,SCUOLA SECONDARIA II GRADO,144,577,0.24956672443674177
2021,Fidenza,034014,SCUOLA SECONDARIA I GRADO,91,748,0.12165775401069519
2022,Parma,034027,SCUOLA SECONDARIA I GRADO,313,5396,0.05800593031875463
2022,Parma,034027,SCUOLA PRIMARIA,241,8258,0.02918382174860741
2022,Salsomaggiore Terme,034032,SCUOLA PRIMARIA,22,808,0.027227722772277228
2022,Parma,034027,SCUOLA SECONDARIA II GRADO,2530,14289,0.17705927636643573
2022,Busseto,034007,SCUOLA SECONDARIA I GRADO,14,305,0.04590163934426229
2022,Fidenza,034014,SCUOLA SECONDARIA I GRADO,97,787,0.12325285895806862
2022,Salsomaggiore Terme,034032,SCUOLA SECONDARIA I GRADO,36,586,0.06143344709897611
2022,Traversetolo,034042,SCUOLA SECONDARIA II GRADO,7,39,0.1794871794871795
2022,Fidenza,034014,SCUOLA PRIMARIA,25,1358,0.018409425625920472
2022,Salsomaggiore Terme,034032,SCUOLA SECONDARIA II GRADO,143,507,0.28205128205128205
2023,Parma,034027,SCUOLA SECONDARIA I GRADO,360,5367,0.06707657909446618
2023,Traversetolo,034042,SCUOLA SECONDARIA II GRADO,10,38,0.2631578947368421
2023,Parma,034027,SCUOLA PRIMARIA,223,8161,0.02732508271045215
2023,Salsomaggiore Terme,034032,SCUOLA SECONDARIA II GRADO,157,522,0.3007662835249042
2023,Fidenza,034014,SCUOLA PRIMARIA,23,1378,0.016690856313497822
2023,Parma,034027,SCUOLA SECONDARIA II GRADO,2745,15288,0.17955259026687598
2023,Salsomaggiore Terme,034032,SCUOLA SECONDARIA I GRADO,43,579,0.07426597582037997
2023,Salsomaggiore Terme,034032,SCUOLA PRIMARIA,20,814,0.02457002457002457
2023,Busseto,034007,SCUOLA SECONDARIA I GRADO,15,290,0.05172413793103448
2023,Fidenza,034014,SCUOLA SECONDARIA I GRADO,99,778,0.12724935732647816
2024,Parma,034027,SCUOLA PRIMARIA,215,7943,0.027067858491753746
2024,Salsomaggiore Terme,034032,SCUOLA PRIMARIA,21,791,0.02654867256637168
2024,Parma,034027,SCUOLA SECONDARIA I GRADO,375,5335,0.07029053420805999
2024,Fidenza,034014,SCUOLA PRIMARIA,25,1387,0.01802451333813987
2024,Parma,034027,SCUOLA SECONDARIA II GRADO,2784,15411,0.18065018493284019
2024,Salsomaggiore Terme,034032,SCUOLA SECONDARIA II GRADO,157,504,0.3115079365079365
2024,Traversetolo,034042,SCUOLA SECONDARIA II GRADO,23,61,0.3770491803278688
2024,Busseto,034007,SCUOLA SECONDARIA I GRADO,21,274,0.07664233576642336
2024,Salsomaggiore Terme,034032,SCUOLA SECONDARIA I GRADO,38,586,0.06484641638225255
2024,Fidenza,034014,SCUOLA SECONDARIA I GRADO,108,740,0.14594594594594595
2015,Polesine Zibello,034050,SCUOLA SECONDARIA I GRADO,5,61,0.08196721311475409
2015,Borgo Val di Taro,034006,SCUOLA PRIMARIA,11,332,0.03313253012048193
2015,Lesignano de' Bagni,034019,SCUOLA PRIMARIA,6,210,0.02857142857142857
2015,Varano de' Melegari,034045,SCUOLA PRIMARIA,1,140,0.007142857142857143
2015,Salsomaggiore Terme,034032,SCUOLA SECONDARIA II GRADO,292,853,0.34232121922626024
2015,Soragna,034036,SCUOLA SECONDARIA I GRADO,14,126,0.1111111111111111
2015,Neviano degli Arduini,034024,SCUOLA PRIMARIA,5,106,0.04716981132075472
2015,Busseto,034007,SCUOLA PRIMARIA,11,269,0.040892193308550186
2015,Felino,034013,SCUOLA SECONDARIA I GRADO,18,222,0.08108108108108109
2015,Varsi,034046,SCUOLA SECONDARIA I GRADO,0,18,0
2015,Roccabianca,034030,SCUOLA SECONDARIA I GRADO,6,81,0.07407407407407407
2015,Polesine Zibello,034050,SCUOLA PRIMARIA,2,114,0.017543859649122806
2015,Bardi,034002,SCUOLA SECONDARIA I GRADO,4,39,0.10256410256410256
2015,Sissa Trecasali,034049,SCUOLA PRIMARIA,9,391,0.023017902813299233
2015,Medesano,034020,SCUOLA PRIMARIA,9,568,0.01584507042253521
2015,Pellegrino Parmense,034028,SCUOLA PRIMARIA,1,29,0.034482758620689655
2015,Bore,034005,SCUOLA PRIMARIA,2,12,0.16666666666666666
2015,San Secondo Parmense,034033,SCUOLA PRIMARIA,5,255,0.0196078431372549
2015,San Secondo Parmense,034033,SCUOLA SECONDARIA I GRADO,10,141,0.07092198581560284
2015,Sorbolo Mezzani,034051,SCUOLA PRIMARIA,10,670,0.014925373134328358
2015,Sissa Trecasali,034049,SCUOLA SECONDARIA I GRADO,20,211,0.0947867298578199
2015,Terenzo,034038,SCUOLA PRIMARIA,2,14,0.14285714285714285
2015,Noceto,034025,SCUOLA PRIMARIA,12,604,0.019867549668874173
2015,Berceto,034004,SCUOLA PRIMARIA,1,59,0.01694915254237288
2015,Traversetolo,034042,SCUOLA PRIMARIA,18,501,0.03592814371257485
2015,Solignano,034035,SCUOLA PRIMARIA,1,32,0.03125
2015,Colorno,034010,SCUOLA PRIMARIA,22,430,0.05116279069767442
2015,Bedonia,034003,SCUOLA PRIMARIA,3,103,0.02912621359223301
2015,Langhirano,034018,SCUOLA SECONDARIA II GRADO,101,239,0.4225941422594142
2015,Fornovo di Taro,034017,SCUOLA PRIMARIA,10,305,0.03278688524590164
2015,Compiano,034011,SCUOLA PRIMARIA,1,52,0.019230769230769232
2015,Tornolo,034040,SCUOLA PRIMARIA,1,28,0.03571428571428571
2015,Borgo Val di Taro,034006,SCUOLA SECONDARIA II GRADO,50,391,0.1278772378516624
2015,Fontevivo,034016,SCUOLA PRIMARIA,5,290,0.017241379310344827
2015,Montechiarugolo,034023,SCUOLA PRIMARIA,8,469,0.017057569296375266
2015,Monchio delle Corti,034022,SCUOLA PRIMARIA,0,23,0
2015,Palanzano,034026,SCUOLA PRIMARIA,1,20,0.05
2015,Tizzano Val Parma,034039,SCUOLA PRIMARIA,6,83,0.07228915662650602
2015,Fidenza,034014,SCUOLA SECONDARIA II GRADO,269,1776,0.15146396396396397
2015,Fornovo di Taro,034017,SCUOLA SECONDARIA II GRADO,129,359,0.3593314763231198
2015,Soragna,034036,SCUOLA PRIMARIA,6,220,0.02727272727272727
2015,Collecchio,034009,SCUOLA SECONDARIA I GRADO,46,354,0.12994350282485875
2015,Sala Baganza,034031,SCUOLA PRIMARIA,7,258,0.027131782945736434
2015,Calestano,034008,SCUOLA SECONDARIA I GRADO,7,44,0.1590909090909091
2015,Traversetolo,034042,SCUOLA SECONDARIA I GRADO,40,265,0.1509433962264151
2015,Felino,034013,SCUOLA PRIMARIA,14,462,0.030303030303030304
2015,Corniglio,034012,SCUOLA PRIMARIA,6,68,0.08823529411764706
2015,Roccabianca,034030,SCUOLA PRIMARIA,6,115,0.05217391304347826
2015,Varsi,034046,SCUOLA PRIMARIA,0,28,0
2015,Bardi,034002,SCUOLA PRIMARIA,1,62,0.016129032258064516
2015,Torrile,034041,SCUOLA SECONDARIA I GRADO,16,218,0.07339449541284404
2015,Neviano degli Arduini,034024,SCUOLA SECONDARIA I GRADO,12,72,0.16666666666666666
2015,Sorbolo Mezzani,034051,SCUOLA SECONDARIA I GRADO,27,391,0.06905370843989769
2015,Fontevivo,034016,SCUOLA SECONDARIA I GRADO,16,133,0.12030075187969924
2015,Torrile,034041,SCUOLA PRIMARIA,15,429,0.03496503496503497
2015,Fontanellato,034015,SCUOLA SECONDARIA I GRADO,18,156,0.11538461538461539
2015,Albareto,034001,SCUOLA SECONDARIA I GRADO,0,35,0
2015,Borgo Val di Taro,034006,SCUOLA SECONDARIA I GRADO,18,195,0.09230769230769231
2015,Solignano,034035,SCUOLA SECONDARIA I GRADO,4,48,0.08333333333333333
2015,Pellegrino Parmense,034028,SCUOLA SECONDARIA I GRADO,5,23,0.21739130434782608
2015,Varano de' Melegari,034045,SCUOLA SECONDARIA I GRADO,2,90,0.022222222222222223
2015,Berceto,034004,SCUOLA SECONDARIA I GRADO,2,20,0.1
2015,Fornovo di Taro,034017,SCUOLA SECONDARIA I GRADO,35,223,0.15695067264573992
2015,Langhirano,034018,SCUOLA SECONDARIA I GRADO,55,274,0.20072992700729927
2015,Collecchio,034009,SCUOLA PRIMARIA,16,759,0.021080368906455864
2015,Bedonia,034003,SCUOLA SECONDARIA I GRADO,7,119,0.058823529411764705
2015,Palanzano,034026,SCUOLA SECONDARIA I GRADO,7,22,0.3181818181818182
2015,Medesano,034020,SCUOLA SECONDARIA I GRADO,25,251,0.099601593625498
2015,Tornolo,034040,SCUOLA SECONDARIA I GRADO,0,12,0
2015,Noceto,034025,SCUOLA SECONDARIA I GRADO,34,371,0.09164420485175202
2015,Tizzano Val Parma,034039,SCUOLA SECONDARIA I GRADO,7,36,0.19444444444444445
2015,Corniglio,034012,SCUOLA SECONDARIA I GRADO,6,21,0.2857142857142857
2015,San Secondo Parmense,034033,SCUOLA SECONDARIA II GRADO,166,627,0.2647527910685805
2015,Colorno,034010,SCUOLA SECONDARIA I GRADO,50,292,0.17123287671232876
2015,Montechiarugolo,034023,SCUOLA SECONDARIA I GRADO,19,278,0.0683453237410072
2015,Lesignano de' Bagni,034019,SCUOLA SECONDARIA I GRADO,10,113,0.08849557522123894
2015,Langhirano,034018,SCUOLA PRIMARIA,32,501,0.06387225548902195
2015,Fontanellato,034015,SCUOLA PRIMARIA,6,263,0.022813688212927757
2015,Calestano,034008,SCUOLA PRIMARIA,2,67,0.029850746268656716
2015,Bedonia,034003,SCUOLA SECONDARIA II GRADO,57,187,0.3048128342245989
2015,Sala Baganza,034031,SCUOLA SECONDARIA I GRADO,13,135,0.0962962962962963
2015,Albareto,034001,SCUOLA PRIMARIA,1,49,0.02040816326530612
2016,Polesine Zibello,034050,SCUOLA PRIMARIA,1,114,0.008771929824561403
2016,Fidenza,034014,SCUOLA SECONDARIA II GRADO,250,1756,0.14236902050113895
2016,Sorbolo Mezzani,034051,SCUOLA PRIMARIA,12,691,0.017366136034732273
2016,Busseto,034007,SCUOLA PRIMARIA,12,302,0.039735099337748346
2016,Soragna,034036,SCUOLA PRIMARIA,2,214,0.009345794392523364
2016,Fontevivo,034016,SCUOLA PRIMARIA,8,289,0.02768166089965398
2016,Fornovo di Taro,034017,SCUOLA SECONDARIA II GRADO,114,383,0.29765013054830286
2016,Sala Baganza,034031,SCUOLA PRIMARIA,8,248,0.03225806451612903
2016,Fontanellato,034015,SCUOLA PRIMARIA,9,271,0.033210332103321034
2016,Salsomaggiore Terme,034032,SCUOLA SECONDARIA II GRADO,271,847,0.31995277449822906
2016,Soragna,034036,SCUOLA SECONDARIA I GRADO,15,138,0.10869565217391304
2016,Borgo Val di Taro,034006,SCUOLA SECONDARIA II GRADO,45,372,0.12096774193548387
2016,Montechiarugolo,034023,SCUOLA PRIMARIA,8,497,0.01609657947686117
2016,Felino,034013,SCUOLA PRIMARIA,10,460,0.021739130434782608
2016,Neviano degli Arduini,034024,SCUOLA PRIMARIA,5,125,0.04
2016,Calestano,034008,SCUOLA PRIMARIA,6,82,0.07317073170731707
2016,Collecchio,034009,SCUOLA PRIMARIA,24,794,0.030226700251889168
2016,San Secondo Parmense,034033,SCUOLA SECONDARIA II GRADO,167,617,0.2706645056726094
2016,Noceto,034025,SCUOLA PRIMARIA,16,602,0.026578073089700997
2016,Colorno,034010,SCUOLA PRIMARIA,23,422,0.054502369668246446
2016,Solignano,034035,SCUOLA SECONDARIA I GRADO,2,40,0.05
2016,Tornolo,034040,SCUOLA PRIMARIA,3,29,0.10344827586206896
2016,Compiano,034011,SCUOLA PRIMARIA,1,52,0.019230769230769232
2016,Bedonia,034003,SCUOLA PRIMARIA,5,109,0.045871559633027525
2016,Torrile,034041,SCUOLA PRIMARIA,12,455,0.026373626373626374
2016,Berceto,034004,SCUOLA SECONDARIA I GRADO,3,22,0.13636363636363635
2016,Fornovo di Taro,034017,SCUOLA SECONDARIA I GRADO,35,216,0.16203703703703703
2016,Palanzano,034026,SCUOLA PRIMARIA,2,12,0.16666666666666666
2016,Monchio delle Corti,034022,SCUOLA PRIMARIA,0,14,0
2016,Montechiarugolo,034023,SCUOLA SECONDARIA I GRADO,22,290,0.07586206896551724
2016,Colorno,034010,SCUOLA SECONDARIA I GRADO,47,292,0.16095890410958905
2016,Bedonia,034003,SCUOLA SECONDARIA II GRADO,49,203,0.2413793103448276
2016,Traversetolo,034042,SCUOLA PRIMARIA,14,460,0.030434782608695653
2016,Calestano,034008,SCUOLA SECONDARIA I GRADO,9,41,0.21951219512195122
2016,Sala Baganza,034031,SCUOLA SECONDARIA I GRADO,13,141,0.09219858156028368
2016,Torrile,034041,SCUOLA SECONDARIA I GRADO,13,225,0.057777777777777775
2016,Sorbolo Mezzani,034051,SCUOLA SECONDARIA I GRADO,19,393,0.04834605597964377
2016,Fontevivo,034016,SCUOLA SECONDARIA I GRADO,13,148,0.08783783783783784
2016,Traversetolo,034042,SCUOLA SECONDARIA I GRADO,43,285,0.15087719298245614
2016,Collecchio,034009,SCUOLA SECONDARIA I GRADO,49,361,0.13573407202216067
2016,Noceto,034025,SCUOLA SECONDARIA I GRADO,40,391,0.10230179028132992
2016,Felino,034013,SCUOLA SECONDARIA I GRADO,26,250,0.104
2016,Bardi,034002,SCUOLA SECONDARIA I GRADO,3,30,0.1
2016,Medesano,034020,SCUOLA SECONDARIA I GRADO,23,268,0.08582089552238806
2016,Tornolo,034040,SCUOLA SECONDARIA I GRADO,0,10,0
2016,Bedonia,034003,SCUOLA SECONDARIA I GRADO,7,117,0.05982905982905983
2016,Lesignano de' Bagni,034019,SCUOLA PRIMARIA,2,212,0.009433962264150943
2016,Sissa Trecasali,034049,SCUOLA PRIMARIA,12,397,0.030226700251889168
2016,Corniglio,034012,SCUOLA PRIMARIA,3,65,0.046153846153846156
2016,Tizzano Val Parma,034039,SCUOLA PRIMARIA,5,86,0.05813953488372093
2016,Polesine Zibello,034050,SCUOLA SECONDARIA I GRADO,3,55,0.05454545454545454
2016,Langhirano,034018,SCUOLA SECONDARIA II GRADO,102,222,0.4594594594594595
2016,Bore,034005,SCUOLA PRIMARIA,1,11,0.09090909090909091
2016,Varsi,034046,SCUOLA SECONDARIA I GRADO,2,22,0.09090909090909091
2016,Pellegrino Parmense,034028,SCUOLA PRIMARIA,1,31,0.03225806451612903
2016,Varano de' Melegari,034045,SCUOLA SECONDARIA I GRADO,5,96,0.052083333333333336
2016,Borgo Val di Taro,034006,SCUOLA PRIMARIA,10,328,0.03048780487804878
2016,Borgo Val di Taro,034006,SCUOLA SECONDARIA I GRADO,14,194,0.07216494845360824
2016,Sissa Trecasali,034049,SCUOLA SECONDARIA I GRADO,24,223,0.10762331838565023
2016,Medesano,034020,SCUOLA PRIMARIA,12,554,0.021660649819494584
2016,Bardi,034002,SCUOLA PRIMARIA,1,61,0.01639344262295082
2016,Lesignano de' Bagni,034019,SCUOLA SECONDARIA I GRADO,11,119,0.09243697478991597
2016,Neviano degli Arduini,034024,SCUOLA SECONDARIA I GRADO,9,59,0.15254237288135594
2016,Albareto,034001,SCUOLA PRIMARIA,1,55,0.01818181818181818
2016,Varano de' Melegari,034045,SCUOLA PRIMARIA,1,146,0.00684931506849315
2016,Fontanellato,034015,SCUOLA SECONDARIA I GRADO,16,156,0.10256410256410256
2016,Albareto,034001,SCUOLA SECONDARIA I GRADO,0,26,0
2016,Pellegrino Parmense,034028,SCUOLA SECONDARIA I GRADO,3,23,0.13043478260869565
2016,Tizzano Val Parma,034039,SCUOLA SECONDARIA I GRADO,10,44,0.22727272727272727
2016,Palanzano,034026,SCUOLA SECONDARIA I GRADO,8,32,0.25
2016,Langhirano,034018,SCUOLA SECONDARIA I GRADO,49,295,0.16610169491525423
2016,Fornovo di Taro,034017,SCUOLA PRIMARIA,11,303,0.036303630363036306
2016,Solignano,034035,SCUOLA PRIMARIA,1,35,0.02857142857142857
2016,Terenzo,034038,SCUOLA PRIMARIA,4,14,0.2857142857142857
2016,Corniglio,034012,SCUOLA SECONDARIA I GRADO,4,22,0.18181818181818182
2016,Berceto,034004,SCUOLA PRIMARIA,0,52,0
2016,Langhirano,034018,SCUOLA PRIMARIA,27,493,0.05476673427991886
2016,Varsi,034046,SCUOLA PRIMARIA,0,35,0
2016,San Secondo Parmense,034033,SCUOLA PRIMARIA,9,282,0.031914893617021274
2016,Roccabianca,034030,SCUOLA PRIMARIA,5,116,0.04310344827586207
2016,San Secondo Parmense,034033,SCUOLA SECONDARIA I GRADO,11,138,0.07971014492753623
2016,Roccabianca,034030,SCUOLA SECONDARIA I GRADO,5,72,0.06944444444444445
2017,Sorbolo Mezzani,034051,SCUOLA PRIMARIA,7,689,0.010159651669085631
2017,Fornovo di Taro,034017,SCUOLA SECONDARIA II GRADO,126,409,0.3080684596577017
2017,Busseto,034007,SCUOLA PRIMARIA,10,292,0.03424657534246575
2017,Bedonia,034003,SCUOLA SECONDARIA II GRADO,64,225,0.28444444444444444
2017,Soragna,034036,SCUOLA SECONDARIA I GRADO,14,133,0.10526315789473684
2017,Solignano,034035,SCUOLA PRIMARIA,1,42,0.023809523809523808
2017,Roccabianca,034030,SCUOLA SECONDARIA I GRADO,8,78,0.10256410256410256
2017,Salsomaggiore Terme,034032,SCUOLA SECONDARIA II GRADO,249,828,0.3007246376811594
2017,Fontevivo,034016,SCUOLA PRIMARIA,9,291,0.030927835051546393
2017,Neviano degli Arduini,034024,SCUOLA PRIMARIA,5,122,0.040983606557377046
2017,Felino,034013,SCUOLA PRIMARIA,11,445,0.024719101123595506
2017,Polesine Zibello,034050,SCUOLA PRIMARIA,0,101,0
2017,Collecchio,034009,SCUOLA SECONDARIA I GRADO,41,401,0.10224438902743142
2017,Terenzo,034038,SCUOLA PRIMARIA,3,14,0.21428571428571427
2017,Montechiarugolo,034023,SCUOLA SECONDARIA I GRADO,19,304,0.0625
2017,Sissa Trecasali,034049,SCUOLA SECONDARIA I GRADO,29,244,0.11885245901639344
2017,Sala Baganza,034031,SCUOLA SECONDARIA I GRADO,10,149,0.06711409395973154
2017,Corniglio,034012,SCUOLA PRIMARIA,6,63,0.09523809523809523
2017,Lesignano de' Bagni,034019,SCUOLA PRIMARIA,3,219,0.0136986301369863
2017,Sala Baganza,034031,SCUOLA PRIMARIA,8,240,0.03333333333333333
2017,Calestano,034008,SCUOLA SECONDARIA I GRADO,7,44,0.1590909090909091
2017,Colorno,034010,SCUOLA SECONDARIA I GRADO,38,271,0.14022140221402213
2017,Tizzano Val Parma,034039,SCUOLA PRIMARIA,6,79,0.0759493670886076
2017,Borgo Val di Taro,034006,SCUOLA SECONDARIA I GRADO,13,189,0.06878306878306878
2017,Fidenza,034014,SCUOLA SECONDARIA II GRADO,403,2097,0.1921793037672866
2017,Medesano,034020,SCUOLA SECONDARIA I GRADO,20,278,0.07194244604316546
2017,Noceto,034025,SCUOLA SECONDARIA I GRADO,27,374,0.07219251336898395
2017,Pellegrino Parmense,034028,SCUOLA SECONDARIA I GRADO,4,27,0.14814814814814814
2017,Palanzano,034026,SCUOLA PRIMARIA,2,14,0.14285714285714285
2017,Borgo Val di Taro,034006,SCUOLA SECONDARIA II GRADO,30,359,0.08356545961002786
2017,Varano de' Melegari,034045,SCUOLA SECONDARIA I GRADO,12,96,0.125
2017,Sissa Trecasali,034049,SCUOLA PRIMARIA,7,360,0.019444444444444445
2017,Fontevivo,034016,SCUOLA SECONDARIA I GRADO,11,148,0.07432432432432433
2017,Fontanellato,034015,SCUOLA SECONDARIA I GRADO,14,152,0.09210526315789473
2017,Monchio delle Corti,034022,SCUOLA PRIMARIA,0,13,0
2017,Varsi,034046,SCUOLA SECONDARIA I GRADO,1,23,0.043478260869565216
2017,Bardi,034002,SCUOLA SECONDARIA I GRADO,2,38,0.05263157894736842
2017,Bedonia,034003,SCUOLA PRIMARIA,3,110,0.02727272727272727
2017,Albareto,034001,SCUOLA SECONDARIA I GRADO,0,18,0
2017,Sorbolo Mezzani,034051,SCUOLA SECONDARIA I GRADO,29,401,0.07231920199501247
2017,Tornolo,034040,SCUOLA PRIMARIA,3,30,0.1
2017,Langhirano,034018,SCUOLA SECONDARIA I GRADO,51,311,0.1639871382636656
2017,Montechiarugolo,034023,SCUOLA PRIMARIA,13,531,0.02448210922787194
2017,Compiano,034011,SCUOLA PRIMARIA,0,47,0
2017,Lesignano de' Bagni,034019,SCUOLA SECONDARIA I GRADO,6,128,0.046875
2017,Neviano degli Arduini,034024,SCUOLA SECONDARIA I GRADO,5,51,0.09803921568627451
2017,Langhirano,034018,SCUOLA SECONDARIA II GRADO,101,236,0.4279661016949153
2017,Berceto,034004,SCUOLA SECONDARIA I GRADO,2,23,0.08695652173913043
2017,Fornovo di Taro,034017,SCUOLA SECONDARIA I GRADO,33,230,0.14347826086956522
2017,Tizzano Val Parma,034039,SCUOLA SECONDARIA I GRADO,11,56,0.19642857142857142
2017,Corniglio,034012,SCUOLA SECONDARIA I GRADO,3,22,0.13636363636363635
2017,Solignano,034035,SCUOLA SECONDARIA I GRADO,6,40,0.15
2017,Bedonia,034003,SCUOLA SECONDARIA I GRADO,6,114,0.05263157894736842
2017,Monchio delle Corti,034022,SCUOLA SECONDARIA I GRADO,0,14,0
2017,Traversetolo,034042,SCUOLA SECONDARIA I GRADO,36,282,0.1276595744680851
2017,Palanzano,034026,SCUOLA SECONDARIA I GRADO,3,19,0.15789473684210525
2017,Traversetolo,034042,SCUOLA PRIMARIA,12,421,0.028503562945368172
2017,Torrile,034041,SCUOLA SECONDARIA I GRADO,9,230,0.0391304347826087
2017,Tornolo,034040,SCUOLA SECONDARIA I GRADO,0,7,0
2017,Roccabianca,034030,SCUOLA PRIMARIA,5,126,0.03968253968253968
2017,San Secondo Parmense,034033,SCUOLA PRIMARIA,8,273,0.029304029304029304
2017,Bardi,034002,SCUOLA PRIMARIA,0,68,0
2017,Medesano,034020,SCUOLA PRIMARIA,9,519,0.017341040462427744
2017,Torrile,034041,SCUOLA PRIMARIA,12,451,0.026607538802660754
2017,Soragna,034036,SCUOLA PRIMARIA,7,224,0.03125
2017,Pellegrino Parmense,034028,SCUOLA PRIMARIA,0,36,0
2017,Bore,034005,SCUOLA PRIMARIA,1,10,0.1
2017,Calestano,034008,SCUOLA PRIMARIA,7,82,0.08536585365853659
2017,Noceto,034025,SCUOLA PRIMARIA,16,643,0.024883359253499222
2017,Collecchio,034009,SCUOLA PRIMARIA,23,775,0.02967741935483871
2017,Colorno,034010,SCUOLA PRIMARIA,22,427,0.05152224824355972
2017,Varsi,034046,SCUOLA PRIMARIA,1,37,0.02702702702702703
2017,Borgo Val di Taro,034006,SCUOLA PRIMARIA,10,326,0.03067484662576687
2017,Varano de' Melegari,034045,SCUOLA PRIMARIA,1,150,0.006666666666666667
2017,San Secondo Parmense,034033,SCUOLA SECONDARIA II GRADO,149,618,0.24110032362459546
2017,Albareto,034001,SCUOLA PRIMARIA,0,60,0
2017,Fontanellato,034015,SCUOLA PRIMARIA,9,270,0.03333333333333333
2017,Langhirano,034018,SCUOLA PRIMARIA,24,493,0.0486815415821501
2017,Felino,034013,SCUOLA SECONDARIA I GRADO,24,274,0.08759124087591241
2017,Fornovo di Taro,034017,SCUOLA PRIMARIA,9,295,0.030508474576271188
2017,Polesine Zibello,034050,SCUOLA SECONDARIA I GRADO,3,57,0.05263157894736842
2017,Berceto,034004,SCUOLA PRIMARIA,0,52,0
2017,San Secondo Parmense,034033,SCUOLA SECONDARIA I GRADO,10,138,0.07246376811594203
2018,Bedonia,034003,SCUOLA SECONDARIA I GRADO,5,95,0.05263157894736842
2018,Salsomaggiore Terme,034032,SCUOLA SECONDARIA II GRADO,218,777,0.2805662805662806
2018,Bedonia,034003,SCUOLA SECONDARIA II GRADO,57,240,0.2375
2018,Fidenza,034014,SCUOLA SECONDARIA II GRADO,431,2167,0.19889247808029534
2018,Soragna,034036,SCUOLA PRIMARIA,6,213,0.028169014084507043
2018,San Secondo Parmense,034033,SCUOLA SECONDARIA II GRADO,137,604,0.22682119205298013
2018,Roccabianca,034030,SCUOLA PRIMARIA,5,115,0.043478260869565216
2018,Montechiarugolo,034023,SCUOLA PRIMARIA,16,544,0.029411764705882353
2018,Traversetolo,034042,SCUOLA SECONDARIA I GRADO,30,292,0.10273972602739725
2018,Torrile,034041,SCUOLA SECONDARIA I GRADO,10,241,0.04149377593360996
2018,Langhirano,034018,SCUOLA SECONDARIA II GRADO,107,264,0.4053030303030303
2018,Sissa Trecasali,034049,SCUOLA PRIMARIA,7,357,0.0196078431372549
2018,Tizzano Val Parma,034039,SCUOLA SECONDARIA I GRADO,8,56,0.14285714285714285
2018,Corniglio,034012,SCUOLA SECONDARIA I GRADO,3,25,0.12
2018,Fornovo di Taro,034017,SCUOLA SECONDARIA II GRADO,144,476,0.3025210084033613
2018,Lesignano de' Bagni,034019,SCUOLA SECONDARIA I GRADO,5,137,0.0364963503649635
2018,Palanzano,034026,SCUOLA SECONDARIA I GRADO,3,10,0.3
2018,San Secondo Parmense,034033,SCUOLA PRIMARIA,11,280,0.039285714285714285
2018,Monchio delle Corti,034022,SCUOLA SECONDARIA I GRADO,0,15,0
2018,Soragna,034036,SCUOLA SECONDARIA I GRADO,20,148,0.13513513513513514
2018,Corniglio,034012,SCUOLA PRIMARIA,6,61,0.09836065573770492
2018,Roccabianca,034030,SCUOLA SECONDARIA I GRADO,13,78,0.16666666666666666
2018,Traversetolo,034042,SCUOLA PRIMARIA,11,400,0.0275
2018,San Secondo Parmense,034033,SCUOLA SECONDARIA I GRADO,15,146,0.10273972602739725
2018,Lesignano de' Bagni,034019,SCUOLA PRIMARIA,4,218,0.01834862385321101
2018,Colorno,034010,SCUOLA PRIMARIA,19,429,0.04428904428904429
2018,Bardi,034002,SCUOLA SECONDARIA I GRADO,2,30,0.06666666666666667
2018,Tornolo,034040,SCUOLA SECONDARIA I GRADO,0,10,0
2018,Neviano degli Arduini,034024,SCUOLA PRIMARIA,5,129,0.03875968992248062
2018,Torrile,034041,SCUOLA PRIMARIA,16,459,0.034858387799564274
2018,Felino,034013,SCUOLA PRIMARIA,9,443,0.020316027088036117
2018,Busseto,034007,SCUOLA PRIMARIA,9,292,0.030821917808219176
2018,Bedonia,034003,SCUOLA PRIMARIA,4,126,0.031746031746031744
2018,Monchio delle Corti,034022,SCUOLA PRIMARIA,0,16,0
2018,Varsi,034046,SCUOLA SECONDARIA I GRADO,2,21,0.09523809523809523
2018,Collecchio,034009,SCUOLA SECONDARIA I GRADO,36,453,0.07947019867549669
2018,Calestano,034008,SCUOLA SECONDARIA I GRADO,10,52,0.19230769230769232
2018,Noceto,034025,SCUOLA PRIMARIA,14,634,0.022082018927444796
2018,Palanzano,034026,SCUOLA PRIMARIA,2,17,0.11764705882352941
2018,Medesano,034020,SCUOLA PRIMARIA,11,521,0.02111324376199616
2018,Pellegrino Parmense,034028,SCUOLA SECONDARIA I GRADO,3,20,0.15
2018,Albareto,034001,SCUOLA SECONDARIA I GRADO,0,32,0
2018,Tizzano Val Parma,034039,SCUOLA PRIMARIA,9,89,0.10112359550561797
2018,Borgo Val di Taro,034006,SCUOLA SECONDARIA I GRADO,18,217,0.08294930875576037
2018,Sala Baganza,034031,SCUOLA PRIMARIA,9,242,0.0371900826446281
2018,Varano de' Melegari,034045,SCUOLA SECONDARIA I GRADO,12,111,0.10810810810810811
2018,Collecchio,034009,SCUOLA PRIMARIA,26,792,0.03282828282828283
2018,Solignano,034035,SCUOLA SECONDARIA I GRADO,3,28,0.10714285714285714
2018,Berceto,034004,SCUOLA SECONDARIA I GRADO,2,23,0.08695652173913043
2018,Fontanellato,034015,SCUOLA SECONDARIA I GRADO,14,138,0.10144927536231885
2018,Langhirano,034018,SCUOLA SECONDARIA I GRADO,53,314,0.16878980891719744
2018,Fornovo di Taro,034017,SCUOLA SECONDARIA I GRADO,36,232,0.15517241379310345
2018,Borgo Val di Taro,034006,SCUOLA SECONDARIA II GRADO,34,345,0.09855072463768116
2018,Calestano,034008,SCUOLA PRIMARIA,2,79,0.02531645569620253
2018,Polesine Zibello,034050,SCUOLA PRIMARIA,4,104,0.038461538461538464
2018,Tornolo,034040,SCUOLA PRIMARIA,3,25,0.12
2018,Sorbolo Mezzani,034051,SCUOLA SECONDARIA I GRADO,38,411,0.09245742092457421
2018,Compiano,034011,SCUOLA PRIMARIA,0,39,0
2018,Solignano,034035,SCUOLA PRIMARIA,1,43,0.023255813953488372
2018,Fontevivo,034016,SCUOLA PRIMARIA,5,292,0.017123287671232876
2018,Fontevivo,034016,SCUOLA SECONDARIA I GRADO,16,148,0.10810810810810811
2018,Berceto,034004,SCUOLA PRIMARIA,1,58,0.017241379310344827
2018,Langhirano,034018,SCUOLA PRIMARIA,28,492,0.056910569105691054
2018,Terenzo,034038,SCUOLA PRIMARIA,2,11,0.18181818181818182
2018,Colorno,034010,SCUOLA SECONDARIA I GRADO,33,250,0.132
2018,Fornovo di Taro,034017,SCUOLA PRIMARIA,9,282,0.031914893617021274
2018,Sissa Trecasali,034049,SCUOLA SECONDARIA I GRADO,17,242,0.07024793388429752
2018,Montechiarugolo,034023,SCUOLA SECONDARIA I GRADO,20,317,0.06309148264984227
2018,Bardi,034002,SCUOLA PRIMARIA,0,67,0
2018,Noceto,034025,SCUOLA SECONDARIA I GRADO,19,365,0.052054794520547946
2018,Medesano,034020,SCUOLA SECONDARIA I GRADO,18,277,0.06498194945848375
2018,Borgo Val di Taro,034006,SCUOLA PRIMARIA,12,291,0.041237113402061855
2018,Varano de' Melegari,034045,SCUOLA PRIMARIA,0,132,0
2018,Pellegrino Parmense,034028,SCUOLA PRIMARIA,0,37,0
2018,Bore,034005,SCUOLA PRIMARIA,0,7,0
2018,Varsi,034046,SCUOLA PRIMARIA,1,43,0.023255813953488372
2018,Sorbolo Mezzani,034051,SCUOLA PRIMARIA,12,660,0.01818181818181818
2018,Fontanellato,034015,SCUOLA PRIMARIA,10,293,0.034129692832764506
2018,Felino,034013,SCUOLA SECONDARIA I GRADO,21,280,0.075
2018,Polesine Zibello,034050,SCUOLA SECONDARIA I GRADO,2,57,0.03508771929824561
2018,Albareto,034001,SCUOLA PRIMARIA,2,66,0.030303030303030304
2018,Sala Baganza,034031,SCUOLA SECONDARIA I GRADO,8,156,0.05128205128205128
2018,Neviano degli Arduini,034024,SCUOLA SECONDARIA I GRADO,8,64,0.125
2019,Fontanellato,034015,SCUOLA SECONDARIA I GRADO,19,155,0.12258064516129032
2019,Collecchio,034009,SCUOLA PRIMARIA,23,767,0.02998696219035202
2019,Fidenza,034014,SCUOLA SECONDARIA II GRADO,435,2175,0.2
2019,Fontevivo,034016,SCUOLA PRIMARIA,4,297,0.013468013468013467
2019,Varano de' Melegari,034045,SCUOLA SECONDARIA I GRADO,11,114,0.09649122807017543
2019,Montechiarugolo,034023,SCUOLA PRIMARIA,15,550,0.02727272727272727
2019,Fornovo di Taro,034017,SCUOLA SECONDARIA II GRADO,161,570,0.2824561403508772
2019,Sorbolo Mezzani,034051,SCUOLA PRIMARIA,9,654,0.013761467889908258
2019,Langhirano,034018,SCUOLA SECONDARIA II GRADO,116,288,0.4027777777777778
2019,Neviano degli Arduini,034024,SCUOLA PRIMARIA,6,130,0.046153846153846156
2019,Varsi,034046,SCUOLA SECONDARIA I GRADO,2,20,0.1
2019,Fontanellato,034015,SCUOLA PRIMARIA,10,292,0.03424657534246575
2019,Sorbolo Mezzani,034051,SCUOLA SECONDARIA I GRADO,35,387,0.09043927648578812
2019,Fontevivo,034016,SCUOLA SECONDARIA I GRADO,12,128,0.09375
2019,Borgo Val di Taro,034006,SCUOLA SECONDARIA II GRADO,23,322,0.07142857142857142
2019,Langhirano,034018,SCUOLA SECONDARIA I GRADO,52,301,0.17275747508305647
2019,San Secondo Parmense,034033,SCUOLA SECONDARIA II GRADO,130,622,0.2090032154340836
2019,Pellegrino Parmense,034028,SCUOLA SECONDARIA I GRADO,1,17,0.058823529411764705
2019,Borgo Val di Taro,034006,SCUOLA SECONDARIA I GRADO,15,215,0.06976744186046512
2019,Albareto,034001,SCUOLA SECONDARIA I GRADO,0,37,0
2019,Medesano,034020,SCUOLA SECONDARIA I GRADO,22,268,0.08208955223880597
2019,Bedonia,034003,SCUOLA SECONDARIA II GRADO,67,256,0.26171875
2019,Salsomaggiore Terme,034032,SCUOLA SECONDARIA II GRADO,203,705,0.28794326241134754
2019,Noceto,034025,SCUOLA SECONDARIA I GRADO,20,375,0.05333333333333334
2019,Albareto,034001,SCUOLA PRIMARIA,2,62,0.03225806451612903
2019,Corniglio,034012,SCUOLA SECONDARIA I GRADO,3,27,0.1111111111111111
2019,Tizzano Val Parma,034039,SCUOLA SECONDARIA I GRADO,9,62,0.14516129032258066
2019,Colorno,034010,SCUOLA SECONDARIA I GRADO,36,258,0.13953488372093023
2019,Medesano,034020,SCUOLA PRIMARIA,9,496,0.018145161290322582
2019,Calestano,034008,SCUOLA PRIMARIA,4,82,0.04878048780487805
2019,San Secondo Parmense,034033,SCUOLA SECONDARIA I GRADO,10,160,0.0625
2019,Borgo Val di Taro,034006,SCUOLA PRIMARIA,13,280,0.04642857142857143
2019,Felino,034013,SCUOLA PRIMARIA,7,429,0.016317016317016316
2019,Bardi,034002,SCUOLA SECONDARIA I GRADO,3,36,0.08333333333333333
2019,Bardi,034002,SCUOLA PRIMARIA,1,56,0.017857142857142856
2019,Soragna,034036,SCUOLA SECONDARIA I GRADO,16,151,0.10596026490066225
2019,Sala Baganza,034031,SCUOLA PRIMARIA,4,220,0.01818181818181818
2019,Solignano,034035,SCUOLA SECONDARIA I GRADO,4,28,0.14285714285714285
2019,San Secondo Parmense,034033,SCUOLA PRIMARIA,17,291,0.058419243986254296
2019,Roccabianca,034030,SCUOLA PRIMARIA,8,119,0.06722689075630252
2019,Berceto,034004,SCUOLA PRIMARIA,1,52,0.019230769230769232
2019,Polesine Zibello,034050,SCUOLA PRIMARIA,3,90,0.03333333333333333
2019,Busseto,034007,SCUOLA PRIMARIA,5,282,0.01773049645390071
2019,Terenzo,034038,SCUOLA PRIMARIA,4,20,0.2
2019,Soragna,034036,SCUOLA PRIMARIA,8,220,0.03636363636363636
2019,Fornovo di Taro,034017,SCUOLA SECONDARIA I GRADO,27,243,0.1111111111111111
2019,Roccabianca,034030,SCUOLA SECONDARIA I GRADO,10,84,0.11904761904761904
2019,Berceto,034004,SCUOLA SECONDARIA I GRADO,2,19,0.10526315789473684
2019,Felino,034013,SCUOLA SECONDARIA I GRADO,24,293,0.08191126279863481
2019,Sala Baganza,034031,SCUOLA SECONDARIA I GRADO,7,168,0.041666666666666664
2019,Collecchio,034009,SCUOLA SECONDARIA I GRADO,38,489,0.077709611451942745
2019,Calestano,034008,SCUOLA SECONDARIA I GRADO,10,61,0.16393442622950818
2019,Sissa Trecasali,034049,SCUOLA SECONDARIA I GRADO,15,244,0.06147540983606557
2019,Traversetolo,034042,SCUOLA PRIMARIA,8,356,0.02247191011235955
2019,Pellegrino Parmense,034028,SCUOLA PRIMARIA,0,34,0
2019,Montechiarugolo,034023,SCUOLA SECONDARIA I GRADO,16,317,0.050473186119873815
2019,Varsi,034046,SCUOLA PRIMARIA,1,40,0.025
2019,Traversetolo,034042,SCUOLA SECONDARIA I GRADO,29,283,0.10247349823321555
2019,Tornolo,034040,SCUOLA PRIMARIA,1,17,0.058823529411764705
2019,Torrile,034041,SCUOLA PRIMARIA,11,452,0.024336283185840708
2019,Varano de' Melegari,034045,SCUOLA PRIMARIA,0,141,0
2019,Torrile,034041,SCUOLA SECONDARIA I GRADO,12,269,0.04460966542750929
2019,Bedonia,034003,SCUOLA PRIMARIA,7,126,0.05555555555555555
2019,Polesine Zibello,034050,SCUOLA SECONDARIA I GRADO,3,65,0.046153846153846156
2019,Sissa Trecasali,034049,SCUOLA PRIMARIA,9,342,0.02631578947368421
2019,Compiano,034011,SCUOLA PRIMARIA,0,39,0
2019,Fornovo di Taro,034017,SCUOLA PRIMARIA,11,268,0.041044776119402986
2019,Solignano,034035,SCUOLA PRIMARIA,0,47,0
2019,Tornolo,034040,SCUOLA SECONDARIA I GRADO,0,15,0
2019,Bedonia,034003,SCUOLA SECONDARIA I GRADO,9,95,0.09473684210526316
2019,Palanzano,034026,SCUOLA PRIMARIA,2,19,0.10526315789473684
2019,Tizzano Val Parma,034039,SCUOLA PRIMARIA,8,79,0.10126582278481013
2019,Corniglio,034012,SCUOLA PRIMARIA,5,57,0.08771929824561403
2019,Monchio delle Corti,034022,SCUOLA PRIMARIA,0,16,0
2019,Langhirano,034018,SCUOLA PRIMARIA,29,504,0.057539682539682536
2019,Noceto,034025,SCUOLA PRIMARIA,16,658,0.0243161094224924
2019,Palanzano,034026,SCUOLA SECONDARIA I GRADO,3,9,0.3333333333333333
2019,Neviano degli Arduini,034024,SCUOLA SECONDARIA I GRADO,8,64,0.125
2019,Colorno,034010,SCUOLA PRIMARIA,16,415,0.03855421686746988
2019,Lesignano de' Bagni,034019,SCUOLA SECONDARIA I GRADO,7,147,0.047619047619047616
2019,Lesignano de' Bagni,034019,SCUOLA PRIMARIA,4,209,0.019138755980861243
2019,Monchio delle Corti,034022,SCUOLA SECONDARIA I GRADO,0,12,0
2020,Fidenza,034014,SCUOLA SECONDARIA II GRADO,362,2154,0.1680594243268338
2020,Medesano,034020,SCUOLA PRIMARIA,12,482,0.024896265560165973
2020,Varano de' Melegari,034045,SCUOLA SECONDARIA I GRADO,5,111,0.04504504504504504
2020,Borgo Val di Taro,034006,SCUOLA PRIMARIA,11,256,0.04296875
2020,Fornovo di Taro,034017,SCUOLA SECONDARIA II GRADO,153,665,0.23007518796992482
2020,Bedonia,034003,SCUOLA SECONDARIA I GRADO,4,87,0.04597701149425287
2020,Berceto,034004,SCUOLA SECONDARIA I GRADO,2,25,0.08
2020,Solignano,034035,SCUOLA SECONDARIA I GRADO,4,35,0.11428571428571428
2020,Langhirano,034018,SCUOLA PRIMARIA,25,494,0.05060728744939271
2020,Bedonia,034003,SCUOLA PRIMARIA,6,133,0.045112781954887216
2020,Polesine Zibello,034050,SCUOLA PRIMARIA,3,92,0.03260869565217391
2020,Borgo Val di Taro,034006,SCUOLA SECONDARIA II GRADO,28,316,0.08860759493670886
2020,Fornovo di Taro,034017,SCUOLA SECONDARIA I GRADO,24,243,0.09876543209876543
2020,Monchio delle Corti,034022,SCUOLA SECONDARIA I GRADO,0,13,0
2020,Busseto,034007,SCUOLA PRIMARIA,6,270,0.022222222222222223
2020,Monchio delle Corti,034022,SCUOLA PRIMARIA,0,17,0
2020,Varano de' Melegari,034045,SCUOLA PRIMARIA,0,139,0
2020,Palanzano,034026,SCUOLA SECONDARIA I GRADO,4,16,0.25
2020,Fornovo di Taro,034017,SCUOLA PRIMARIA,13,248,0.05241935483870968
2020,Torrile,034041,SCUOLA PRIMARIA,8,430,0.018604651162790697
2020,Langhirano,034018,SCUOLA SECONDARIA I GRADO,39,278,0.14028776978417265
2020,Solignano,034035,SCUOLA PRIMARIA,1,41,0.024390243902439025
2020,Bedonia,034003,SCUOLA SECONDARIA II GRADO,61,257,0.23735408560311283
2020,Montechiarugolo,034023,SCUOLA PRIMARIA,12,569,0.0210896309314587
2020,Palanzano,034026,SCUOLA PRIMARIA,1,18,0.05555555555555555
2020,Albareto,034001,SCUOLA PRIMARIA,2,54,0.037037037037037035
2020,Tornolo,034040,SCUOLA PRIMARIA,1,14,0.07142857142857142
2020,Traversetolo,034042,SCUOLA SECONDARIA I GRADO,22,278,0.07913669064748201
2020,Tizzano Val Parma,034039,SCUOLA PRIMARIA,8,87,0.09195402298850575
2020,Salsomaggiore Terme,034032,SCUOLA SECONDARIA II GRADO,163,633,0.2575039494470774
2020,Torrile,034041,SCUOLA SECONDARIA I GRADO,13,274,0.04744525547445255
2020,Compiano,034011,SCUOLA PRIMARIA,0,44,0
2020,Langhirano,034018,SCUOLA SECONDARIA II GRADO,104,313,0.33226837060702874
2020,Sorbolo Mezzani,034051,SCUOLA SECONDARIA I GRADO,26,407,0.06388206388206388
2020,Fontanellato,034015,SCUOLA SECONDARIA I GRADO,24,176,0.13636363636363635
2020,Sissa Trecasali,034049,SCUOLA PRIMARIA,8,354,0.022598870056497175
2020,Bardi,034002,SCUOLA PRIMARIA,1,58,0.017241379310344827
2020,Fontevivo,034016,SCUOLA SECONDARIA I GRADO,10,138,0.07246376811594203
2020,Sorbolo Mezzani,034051,SCUOLA PRIMARIA,10,609,0.016420361247947456
2020,Sala Baganza,034031,SCUOLA SECONDARIA I GRADO,6,168,0.03571428571428571
2020,Calestano,034008,SCUOLA SECONDARIA I GRADO,8,52,0.15384615384615385
2020,Terenzo,034038,SCUOLA PRIMARIA,3,17,0.17647058823529413
2020,Traversetolo,034042,SCUOLA PRIMARIA,8,364,0.02197802197802198
2020,Borgo Val di Taro,034006,SCUOLA SECONDARIA I GRADO,11,190,0.05789473684210526
2020,Polesine Zibello,034050,SCUOLA SECONDARIA I GRADO,2,56,0.03571428571428571
2020,Fontevivo,034016,SCUOLA PRIMARIA,4,285,0.014035087719298246
2020,Soragna,034036,SCUOLA SECONDARIA I GRADO,14,143,0.0979020979020979
2020,Collecchio,034009,SCUOLA SECONDARIA I GRADO,28,455,0.06153846153846154
2020,Roccabianca,034030,SCUOLA SECONDARIA I GRADO,5,70,0.07142857142857142
2020,Tizzano Val Parma,034039,SCUOLA SECONDARIA I GRADO,6,50,0.12
2020,Calestano,034008,SCUOLA PRIMARIA,2,90,0.022222222222222223
2020,Sala Baganza,034031,SCUOLA PRIMARIA,4,209,0.019138755980861243
2020,Berceto,034004,SCUOLA PRIMARIA,1,47,0.02127659574468085
2020,Corniglio,034012,SCUOLA SECONDARIA I GRADO,3,30,0.1
2020,San Secondo Parmense,034033,SCUOLA SECONDARIA I GRADO,10,171,0.05847953216374269
2020,Fontanellato,034015,SCUOLA PRIMARIA,5,293,0.017064846416382253
2020,Felino,034013,SCUOLA SECONDARIA I GRADO,17,285,0.05964912280701754
2020,Neviano degli Arduini,034024,SCUOLA PRIMARIA,8,127,0.06299212598425197
2020,Lesignano de' Bagni,034019,SCUOLA SECONDARIA I GRADO,5,156,0.03205128205128205
2020,Corniglio,034012,SCUOLA PRIMARIA,3,48,0.0625
2020,Felino,034013,SCUOLA PRIMARIA,5,418,0.011961722488038277
2020,Neviano degli Arduini,034024,SCUOLA SECONDARIA I GRADO,8,69,0.11594202898550725
2020,Lesignano de' Bagni,034019,SCUOLA PRIMARIA,4,202,0.019801980198019802
2020,Colorno,034010,SCUOLA PRIMARIA,12,404,0.0297029702970297
2020,Noceto,034025,SCUOLA PRIMARIA,11,669,0.016442451420029897
2020,Colorno,034010,SCUOLA SECONDARIA I GRADO,21,246,0.08536585365853659
2020,Montechiarugolo,034023,SCUOLA SECONDARIA I GRADO,22,329,0.0668693009118541
2020,Sissa Trecasali,034049,SCUOLA SECONDARIA I GRADO,13,242,0.05371900826446281
2020,Collecchio,034009,SCUOLA PRIMARIA,28,736,0.03804347826086957
2020,Varsi,034046,SCUOLA PRIMARIA,2,45,0.044444444444444446
2020,Bardi,034002,SCUOLA SECONDARIA I GRADO,3,37,0.08108108108108109
2020,San Secondo Parmense,034033,SCUOLA SECONDARIA II GRADO,113,643,0.17573872472783825
2020,Medesano,034020,SCUOLA SECONDARIA I GRADO,16,266,0.06015037593984962
2020,Pellegrino Parmense,034028,SCUOLA PRIMARIA,1,32,0.03125
2020,San Secondo Parmense,034033,SCUOLA PRIMARIA,13,270,0.04814814814814815
2020,Roccabianca,034030,SCUOLA PRIMARIA,6,121,0.049586776859504134
2020,Noceto,034025,SCUOLA SECONDARIA I GRADO,16,406,0.03940886699507389
2020,Varsi,034046,SCUOLA SECONDARIA I GRADO,3,19,0.15789473684210525
2020,Soragna,034036,SCUOLA PRIMARIA,7,234,0.029914529914529916
2020,Pellegrino Parmense,034028,SCUOLA SECONDARIA I GRADO,0,14,0
2020,Albareto,034001,SCUOLA SECONDARIA I GRADO,2,62,0.03225806451612903
2020,Tornolo,034040,SCUOLA SECONDARIA I GRADO,0,17,0
2021,Montechiarugolo,034023,SCUOLA PRIMARIA,13,531,0.02448210922787194
2021,Langhirano,034018,SCUOLA SECONDARIA II GRADO,123,320,0.384375
2021,Solignano,034035,SCUOLA SECONDARIA I GRADO,7,38,0.18421052631578946
2021,Traversetolo,034042,SCUOLA SECONDARIA I GRADO,14,272,0.051470588235294115
2021,Collecchio,034009,SCUOLA SECONDARIA I GRADO,36,458,0.07860262008733625
2021,Collecchio,034009,SCUOLA PRIMARIA,33,766,0.04308093994778068
2021,Pellegrino Parmense,034028,SCUOLA PRIMARIA,1,32,0.03125
2021,Fidenza,034014,SCUOLA SECONDARIA II GRADO,362,2161,0.16751503933364184
2021,Varano de' Melegari,034045,SCUOLA PRIMARIA,5,128,0.0390625
2021,Fornovo di Taro,034017,SCUOLA SECONDARIA II GRADO,188,726,0.25895316804407714
2021,Varsi,034046,SCUOLA PRIMARIA,1,32,0.03125
2021,Felino,034013,SCUOLA SECONDARIA I GRADO,19,280,0.06785714285714285
2021,Calestano,034008,SCUOLA PRIMARIA,2,87,0.022988505747126436
2021,Fornovo di Taro,034017,SCUOLA SECONDARIA I GRADO,25,232,0.10775862068965517
2021,Roccabianca,034030,SCUOLA SECONDARIA I GRADO,5,64,0.078125
2021,San Secondo Parmense,034033,SCUOLA SECONDARIA I GRADO,15,192,0.078125
2021,Monchio delle Corti,034022,SCUOLA PRIMARIA,0,21,0
2021,Tornolo,034040,SCUOLA SECONDARIA I GRADO,0,15,0
2021,Bedonia,034003,SCUOLA SECONDARIA I GRADO,6,108,0.05555555555555555
2021,Sala Baganza,034031,SCUOLA SECONDARIA I GRADO,8,157,0.050955414012738856
2021,Bedonia,034003,SCUOLA PRIMARIA,8,123,0.06504065040650407
2021,Neviano degli Arduini,034024,SCUOLA PRIMARIA,8,125,0.064
2021,Sala Baganza,034031,SCUOLA PRIMARIA,3,216,0.013888888888888888
2021,San Secondo Parmense,034033,SCUOLA SECONDARIA II GRADO,137,626,0.21884984025559107
2021,Bedonia,034003,SCUOLA SECONDARIA II GRADO,61,249,0.24497991967871485
2021,Calestano,034008,SCUOLA SECONDARIA I GRADO,9,63,0.14285714285714285
2021,Palanzano,034026,SCUOLA PRIMARIA,4,29,0.13793103448275862
2021,Soragna,034036,SCUOLA SECONDARIA I GRADO,13,139,0.09352517985611511
2021,Sorbolo Mezzani,034051,SCUOLA SECONDARIA I GRADO,25,398,0.06281407035175879
2021,Felino,034013,SCUOLA PRIMARIA,9,413,0.021791767554479417
2021,Traversetolo,034042,SCUOLA PRIMARIA,7,365,0.019178082191780823
2021,Torrile,034041,SCUOLA PRIMARIA,12,441,0.027210884353741496
2021,Terenzo,034038,SCUOLA PRIMARIA,3,22,0.13636363636363635
2021,Torrile,034041,SCUOLA SECONDARIA I GRADO,14,274,0.051094890510948905
2021,Fornovo di Taro,034017,SCUOLA PRIMARIA,18,239,0.07531380753138076
2021,Tizzano Val Parma,034039,SCUOLA SECONDARIA I GRADO,7,53,0.1320754716981132
2021,Tizzano Val Parma,034039,SCUOLA PRIMARIA,8,88,0.09090909090909091
2021,Fontevivo,034016,SCUOLA SECONDARIA I GRADO,6,134,0.04477611940298507
2021,Polesine Zibello,034050,SCUOLA SECONDARIA I GRADO,7,60,0.11666666666666667
2021,Palanzano,034026,SCUOLA SECONDARIA I GRADO,6,17,0.35294117647058826
2021,Sissa Trecasali,034049,SCUOLA PRIMARIA,9,334,0.02694610778443114
2021,Sorbolo Mezzani,034051,SCUOLA PRIMARIA,11,580,0.01896551724137931
2021,Sissa Trecasali,034049,SCUOLA SECONDARIA I GRADO,28,254,0.11023622047244094
2021,Berceto,034004,SCUOLA SECONDARIA I GRADO,2,20,0.1
2021,Polesine Zibello,034050,SCUOLA PRIMARIA,6,96,0.0625
2021,Fontanellato,034015,SCUOLA SECONDARIA I GRADO,28,197,0.14213197969543148
2021,Medesano,034020,SCUOLA PRIMARIA,14,470,0.029787234042553193
2021,Berceto,034004,SCUOLA PRIMARIA,1,48,0.020833333333333332
2021,Bardi,034002,SCUOLA PRIMARIA,0,55,0
2021,Neviano degli Arduini,034024,SCUOLA SECONDARIA I GRADO,6,76,0.07894736842105263
2021,Solignano,034035,SCUOLA PRIMARIA,0,41,0
2021,Corniglio,034012,SCUOLA PRIMARIA,3,42,0.07142857142857142
2021,Lesignano de' Bagni,034019,SCUOLA SECONDARIA I GRADO,6,154,0.03896103896103896
2021,Soragna,034036,SCUOLA PRIMARIA,5,240,0.020833333333333332
2021,Albareto,034001,SCUOLA SECONDARIA I GRADO,3,57,0.05263157894736842
2021,Roccabianca,034030,SCUOLA PRIMARIA,7,123,0.056910569105691054
2021,Fontevivo,034016,SCUOLA PRIMARIA,5,277,0.018050541516245487
2021,Langhirano,034018,SCUOLA PRIMARIA,23,485,0.04742268041237113
2021,Borgo Val di Taro,034006,SCUOLA SECONDARIA I GRADO,18,180,0.1
2021,Monchio delle Corti,034022,SCUOLA SECONDARIA I GRADO,0,8,0
2021,San Secondo Parmense,034033,SCUOLA PRIMARIA,9,253,0.03557312252964427
2021,Lesignano de' Bagni,034019,SCUOLA PRIMARIA,4,204,0.0196078431372549
2021,Borgo Val di Taro,034006,SCUOLA SECONDARIA II GRADO,35,316,0.11075949367088607
2021,Langhirano,034018,SCUOLA SECONDARIA I GRADO,43,274,0.15693430656934307
2021,Noceto,034025,SCUOLA PRIMARIA,14,704,0.019886363636363636
2021,Busseto,034007,SCUOLA PRIMARIA,8,263,0.030418250950570342
2021,Pellegrino Parmense,034028,SCUOLA SECONDARIA I GRADO,1,18,0.05555555555555555
2021,Varano de' Melegari,034045,SCUOLA SECONDARIA I GRADO,5,107,0.04672897196261682
2021,Corniglio,034012,SCUOLA SECONDARIA I GRADO,4,38,0.10526315789473684
2021,Fontanellato,034015,SCUOLA PRIMARIA,4,303,0.013201320132013201
2021,Colorno,034010,SCUOLA SECONDARIA I GRADO,30,259,0.11583011583011583
2021,Bardi,034002,SCUOLA SECONDARIA I GRADO,0,37,0
2021,Medesano,034020,SCUOLA SECONDARIA I GRADO,12,264,0.045454545454545456
2021,Varsi,034046,SCUOLA SECONDARIA I GRADO,1,26,0.038461538461538464
2021,Albareto,034001,SCUOLA PRIMARIA,3,66,0.045454545454545456
2021,Tornolo,034040,SCUOLA PRIMARIA,1,8,0.125
2021,Borgo Val di Taro,034006,SCUOLA PRIMARIA,11,252,0.04365079365079365
2021,Montechiarugolo,034023,SCUOLA SECONDARIA I GRADO,20,332,0.060240963855421686
2021,Compiano,034011,SCUOLA PRIMARIA,2,38,0.05263157894736842
2021,Noceto,034025,SCUOLA SECONDARIA I GRADO,16,399,0.040100250626566414
2021,Colorno,034010,SCUOLA PRIMARIA,17,400,0.0425
2022,Terenzo,034038,SCUOLA PRIMARIA,2,25,0.08
2022,Felino,034013,SCUOLA PRIMARIA,9,391,0.023017902813299233
2022,San Secondo Parmense,034033,SCUOLA SECONDARIA II GRADO,133,648,0.2052469135802469
2022,Fornovo di Taro,034017,SCUOLA SECONDARIA II GRADO,205,738,0.2777777777777778
2022,Bedonia,034003,SCUOLA SECONDARIA I GRADO,4,97,0.041237113402061855
2022,Montechiarugolo,034023,SCUOLA PRIMARIA,14,526,0.026615969581749048
2022,Borgo Val di Taro,034006,SCUOLA SECONDARIA I GRADO,23,180,0.12777777777777777
2022,Calestano,034008,SCUOLA PRIMARIA,0,86,0
2022,Soragna,034036,SCUOLA PRIMARIA,5,231,0.021645021645021644
2022,Torrile,034041,SCUOLA PRIMARIA,12,436,0.027522935779816515
2022,Varsi,034046,SCUOLA SECONDARIA I GRADO,1,28,0.03571428571428571
2022,Tornolo,034040,SCUOLA PRIMARIA,2,10,0.2
2022,Bardi,034002,SCUOLA SECONDARIA I GRADO,0,40,0
2022,Langhirano,034018,SCUOLA SECONDARIA II GRADO,108,301,0.3588039867109635
2022,Bedonia,034003,SCUOLA PRIMARIA,14,116,0.1206896551724138
2022,Fornovo di Taro,034017,SCUOLA PRIMARIA,18,224,0.08035714285714286
2022,Collecchio,034009,SCUOLA PRIMARIA,31,784,0.039540816326530615
2022,Varano de' Melegari,034045,SCUOLA SECONDARIA I GRADO,3,106,0.02830188679245283
2022,Borgo Val di Taro,034006,SCUOLA PRIMARIA,9,231,0.03896103896103896
2022,Varano de' Melegari,034045,SCUOLA PRIMARIA,6,138,0.043478260869565216
2022,Fornovo di Taro,034017,SCUOLA SECONDARIA I GRADO,22,218,0.10091743119266056
2022,Solignano,034035,SCUOLA PRIMARIA,2,36,0.05555555555555555
2022,Medesano,034020,SCUOLA SECONDARIA I GRADO,15,267,0.056179775280898875
2022,Varsi,034046,SCUOLA PRIMARIA,2,31,0.06451612903225806
2022,Fontevivo,034016,SCUOLA SECONDARIA I GRADO,4,132,0.030303030303030304
2022,Sala Baganza,034031,SCUOLA PRIMARIA,7,230,0.030434782608695653
2022,Bardi,034002,SCUOLA PRIMARIA,0,44,0
2022,Fontanellato,034015,SCUOLA SECONDARIA I GRADO,25,179,0.13966480446927373
2022,Langhirano,034018,SCUOLA PRIMARIA,28,458,0.0611353711790393
2022,Colorno,034010,SCUOLA PRIMARIA,19,403,0.04714640198511166
2022,Langhirano,034018,SCUOLA SECONDARIA I GRADO,47,303,0.1551155115511551
2022,Polesine Zibello,034050,SCUOLA PRIMARIA,5,100,0.05
2022,Fidenza,034014,SCUOLA SECONDARIA II GRADO,398,2216,0.1796028880866426
2022,Roccabianca,034030,SCUOLA PRIMARIA,4,104,0.038461538461538464
2022,Compiano,034011,SCUOLA PRIMARIA,3,40,0.075
2022,Pellegrino Parmense,034028,SCUOLA SECONDARIA I GRADO,3,22,0.13636363636363635
2022,Berceto,034004,SCUOLA PRIMARIA,0,51,0
2022,Tizzano Val Parma,034039,SCUOLA PRIMARIA,10,92,0.10869565217391304
2022,Sissa Trecasali,034049,SCUOLA PRIMARIA,9,331,0.027190332326283987
2022,Monchio delle Corti,034022,SCUOLA PRIMARIA,1,20,0.05
2022,Palanzano,034026,SCUOLA PRIMARIA,1,29,0.034482758620689655
2022,Colorno,034010,SCUOLA SECONDARIA I GRADO,32,263,0.12167300380228137
2022,Sala Baganza,034031,SCUOLA SECONDARIA I GRADO,10,145,0.06896551724137931
2022,San Secondo Parmense,034033,SCUOLA PRIMARIA,7,263,0.026615969581749048
2022,Montechiarugolo,034023,SCUOLA SECONDARIA I GRADO,27,327,0.08256880733944955
2022,Berceto,034004,SCUOLA SECONDARIA I GRADO,1,25,0.04
2022,Collecchio,034009,SCUOLA SECONDARIA I GRADO,34,458,0.07423580786026202
2022,Calestano,034008,SCUOLA SECONDARIA I GRADO,8,62,0.12903225806451613
2022,Noceto,034025,SCUOLA SECONDARIA I GRADO,19,412,0.04611650485436893
2022,Busseto,034007,SCUOLA PRIMARIA,9,258,0.03488372093023256
2022,Medesano,034020,SCUOLA PRIMARIA,19,488,0.0389344262295082
2022,Felino,034013,SCUOLA SECONDARIA I GRADO,23,280,0.08214285714285714
2022,Solignano,034035,SCUOLA SECONDARIA I GRADO,7,41,0.17073170731707318
2022,Polesine Zibello,034050,SCUOLA SECONDARIA I GRADO,11,53,0.20754716981132076
2022,Palanzano,034026,SCUOLA SECONDARIA I GRADO,5,18,0.2777777777777778
2022,Noceto,034025,SCUOLA PRIMARIA,17,710,0.023943661971830985
2022,Roccabianca,034030,SCUOLA SECONDARIA I GRADO,5,77,0.06493506493506493
2022,Borgo Val di Taro,034006,SCUOLA SECONDARIA II GRADO,32,321,0.09968847352024922
2022,Bedonia,034003,SCUOLA SECONDARIA II GRADO,54,237,0.22784810126582278
2022,Sissa Trecasali,034049,SCUOLA SECONDARIA I GRADO,24,223,0.10762331838565023
2022,Soragna,034036,SCUOLA SECONDARIA I GRADO,7,125,0.056
2022,Fontanellato,034015,SCUOLA PRIMARIA,8,304,0.02631578947368421
2022,Fontevivo,034016,SCUOLA PRIMARIA,6,289,0.020761245674740483
2022,Lesignano de' Bagni,034019,SCUOLA SECONDARIA I GRADO,10,153,0.06535947712418301
2022,Neviano degli Arduini,034024,SCUOLA PRIMARIA,5,120,0.041666666666666664
2022,Lesignano de' Bagni,034019,SCUOLA PRIMARIA,4,196,0.02040816326530612
2022,Tizzano Val Parma,034039,SCUOLA SECONDARIA I GRADO,14,52,0.2692307692307692
2022,Albareto,034001,SCUOLA PRIMARIA,1,67,0.014925373134328358
2022,Traversetolo,034042,SCUOLA SECONDARIA I GRADO,15,263,0.057034220532319393
2022,Corniglio,034012,SCUOLA SECONDARIA I GRADO,7,34,0.20588235294117646
2022,Sorbolo Mezzani,034051,SCUOLA SECONDARIA I GRADO,31,416,0.07451923076923077
2022,Neviano degli Arduini,034024,SCUOLA SECONDARIA I GRADO,7,74,0.0945945945945946
2022,San Secondo Parmense,034033,SCUOLA SECONDARIA I GRADO,14,186,0.07526881720430108
2022,Sorbolo Mezzani,034051,SCUOLA PRIMARIA,14,581,0.024096385542168676
2022,Corniglio,034012,SCUOLA PRIMARIA,2,45,0.044444444444444446
2022,Torrile,034041,SCUOLA SECONDARIA I GRADO,10,261,0.038314176245210725
2022,Tornolo,034040,SCUOLA SECONDARIA I GRADO,0,10,0
2022,Traversetolo,034042,SCUOLA PRIMARIA,4,373,0.010723860589812333
2022,Pellegrino Parmense,034028,SCUOLA PRIMARIA,2,28,0.07142857142857142
2022,Monchio delle Corti,034022,SCUOLA SECONDARIA I GRADO,0,5,0
2022,Albareto,034001,SCUOLA SECONDARIA I GRADO,3,57,0.05263157894736842
2023,Medesano,034020,SCUOLA PRIMARIA,12,462,0.025974025974025976
2023,Fidenza,034014,SCUOLA SECONDARIA II GRADO,424,2290,0.1851528384279476
2023,Collecchio,034009,SCUOLA PRIMARIA,21,764,0.0274869109947644
2023,Busseto,034007,SCUOLA PRIMARIA,10,276,0.036231884057971016
2023,Sorbolo Mezzani,034051,SCUOLA SECONDARIA I GRADO,40,401,0.09975062344139651
2023,Fornovo di Taro,034017,SCUOLA SECONDARIA II GRADO,198,727,0.2723521320495186
2023,Fontevivo,034016,SCUOLA PRIMARIA,5,284,0.017605633802816902
2023,Langhirano,034018,SCUOLA PRIMARIA,19,457,0.04157549234135667
2023,Lesignano de' Bagni,034019,SCUOLA PRIMARIA,4,190,0.021052631578947368
2023,Sorbolo Mezzani,034051,SCUOLA PRIMARIA,14,574,0.024390243902439025
2023,Langhirano,034018,SCUOLA SECONDARIA II GRADO,113,306,0.369281045751634
2023,Corniglio,034012,SCUOLA PRIMARIA,3,41,0.07317073170731707
2023,Neviano degli Arduini,034024,SCUOLA SECONDARIA I GRADO,9,80,0.1125
2023,Felino,034013,SCUOLA SECONDARIA I GRADO,18,272,0.0661764705882353
2023,Lesignano de' Bagni,034019,SCUOLA SECONDARIA I GRADO,12,140,0.08571428571428572
2023,Fornovo di Taro,034017,SCUOLA PRIMARIA,12,224,0.05357142857142857
2023,Neviano degli Arduini,034024,SCUOLA PRIMARIA,5,109,0.045871559633027525
2023,Polesine Zibello,034050,SCUOLA SECONDARIA I GRADO,12,61,0.19672131147540983
2023,Tizzano Val Parma,034039,SCUOLA PRIMARIA,11,93,0.11827956989247312
2023,Varsi,034046,SCUOLA PRIMARIA,1,27,0.037037037037037035
2023,San Secondo Parmense,034033,SCUOLA SECONDARIA II GRADO,133,613,0.2169657422512235
2023,Bardi,034002,SCUOLA PRIMARIA,0,51,0
2023,Sala Baganza,034031,SCUOLA SECONDARIA I GRADO,8,147,0.05442176870748299
2023,Calestano,034008,SCUOLA SECONDARIA I GRADO,9,73,0.1232876712328767
2023,Pellegrino Parmense,034028,SCUOLA PRIMARIA,3,27,0.1111111111111111
2023,Palanzano,034026,SCUOLA PRIMARIA,0,24,0
2023,Varano de' Melegari,034045,SCUOLA PRIMARIA,4,125,0.032
2023,Borgo Val di Taro,034006,SCUOLA SECONDARIA II GRADO,41,344,0.11918604651162791
2023,Collecchio,034009,SCUOLA SECONDARIA I GRADO,40,458,0.08733624454148471
2023,Monchio delle Corti,034022,SCUOLA PRIMARIA,2,16,0.125
2023,Solignano,034035,SCUOLA PRIMARIA,2,39,0.05128205128205128
2023,Bedonia,034003,SCUOLA PRIMARIA,10,99,0.10101010101010101
2023,Montechiarugolo,034023,SCUOLA PRIMARIA,14,533,0.02626641651031895
2023,Terenzo,034038,SCUOLA PRIMARIA,3,30,0.1
2023,Sissa Trecasali,034049,SCUOLA PRIMARIA,11,324,0.033950617283950615
2023,Compiano,034011,SCUOLA PRIMARIA,2,35,0.05714285714285714
2023,Borgo Val di Taro,034006,SCUOLA PRIMARIA,12,225,0.05333333333333334
2023,San Secondo Parmense,034033,SCUOLA PRIMARIA,7,277,0.02527075812274368
2023,Berceto,034004,SCUOLA PRIMARIA,0,44,0
2023,Torrile,034041,SCUOLA PRIMARIA,10,423,0.02364066193853428
2023,Tornolo,034040,SCUOLA PRIMARIA,2,9,0.2222222222222222
2023,Noceto,034025,SCUOLA SECONDARIA I GRADO,11,409,0.02689486552567237
2023,Langhirano,034018,SCUOLA SECONDARIA I GRADO,56,303,0.1848184818481848
2023,Medesano,034020,SCUOLA SECONDARIA I GRADO,20,261,0.07662835249042145
2023,Roccabianca,034030,SCUOLA PRIMARIA,4,110,0.03636363636363636
2023,Fornovo di Taro,034017,SCUOLA SECONDARIA I GRADO,43,205,0.2097560975609756
2023,Varsi,034046,SCUOLA SECONDARIA I GRADO,1,26,0.038461538461538464
2023,San Secondo Parmense,034033,SCUOLA SECONDARIA I GRADO,20,187,0.10695187165775401
2023,Bardi,034002,SCUOLA SECONDARIA I GRADO,1,41,0.024390243902439025
2023,Sissa Trecasali,034049,SCUOLA SECONDARIA I GRADO,15,220,0.06818181818181818
2023,Tizzano Val Parma,034039,SCUOLA SECONDARIA I GRADO,12,52,0.23076923076923078
2023,Soragna,034036,SCUOLA PRIMARIA,5,239,0.02092050209205021
2023,Colorno,034010,SCUOLA PRIMARIA,18,395,0.04556962025316456
2023,Traversetolo,034042,SCUOLA PRIMARIA,3,384,0.0078125
2023,Roccabianca,034030,SCUOLA SECONDARIA I GRADO,6,79,0.0759493670886076
2023,Corniglio,034012,SCUOLA SECONDARIA I GRADO,7,29,0.2413793103448276
2023,Solignano,034035,SCUOLA SECONDARIA I GRADO,7,35,0.2
2023,Borgo Val di Taro,034006,SCUOLA SECONDARIA I GRADO,23,187,0.12299465240641712
2023,Pellegrino Parmense,034028,SCUOLA SECONDARIA I GRADO,3,25,0.12
2023,Colorno,034010,SCUOLA SECONDARIA I GRADO,36,262,0.13740458015267176
2023,Varano de' Melegari,034045,SCUOLA SECONDARIA I GRADO,2,101,0.019801980198019802
2023,Bedonia,034003,SCUOLA SECONDARIA I GRADO,7,112,0.0625
2023,Polesine Zibello,034050,SCUOLA PRIMARIA,5,100,0.05
2023,Berceto,034004,SCUOLA SECONDARIA I GRADO,4,31,0.12903225806451613
2023,Montechiarugolo,034023,SCUOLA SECONDARIA I GRADO,20,325,0.06153846153846154
2023,Palanzano,034026,SCUOLA SECONDARIA I GRADO,6,17,0.35294117647058826
2023,Albareto,034001,SCUOLA PRIMARIA,1,70,0.014285714285714285
2023,Felino,034013,SCUOLA PRIMARIA,7,377,0.01856763925729443
2023,Bedonia,034003,SCUOLA SECONDARIA II GRADO,61,236,0.2584745762711864
2023,Monchio delle Corti,034022,SCUOLA SECONDARIA I GRADO,0,7,0
2023,Fontanellato,034015,SCUOLA SECONDARIA I GRADO,30,175,0.17142857142857143
2023,Noceto,034025,SCUOLA PRIMARIA,18,709,0.02538787023977433
2023,Traversetolo,034042,SCUOLA SECONDARIA I GRADO,16,255,0.06274509803921569
2023,Soragna,034036,SCUOLA SECONDARIA I GRADO,5,129,0.03875968992248062
2023,Sala Baganza,034031,SCUOLA PRIMARIA,6,229,0.026200873362445413
2023,Torrile,034041,SCUOLA SECONDARIA I GRADO,12,267,0.0449438202247191
2023,Albareto,034001,SCUOLA SECONDARIA I GRADO,2,39,0.05128205128205128
2023,Fontanellato,034015,SCUOLA PRIMARIA,8,290,0.027586206896551724
2023,Fontevivo,034016,SCUOLA SECONDARIA I GRADO,4,142,0.028169014084507043
2023,Calestano,034008,SCUOLA PRIMARIA,2,90,0.022222222222222223
2024,Sissa Trecasali,034049,SCUOLA SECONDARIA I GRADO,14,220,0.06363636363636363
2024,Borgo Val di Taro,034006,SCUOLA SECONDARIA II GRADO,47,379,0.12401055408970976
2024,Torrile,034041,SCUOLA PRIMARIA,8,396,0.020202020202020204
2024,Fidenza,034014,SCUOLA SECONDARIA II GRADO,478,2440,0.1959016393442623
2024,Bedonia,034003,SCUOLA SECONDARIA II GRADO,55,216,0.25462962962962965
2024,Tizzano Val Parma,034039,SCUOLA PRIMARIA,11,99,0.1111111111111111
2024,Fontevivo,034016,SCUOLA PRIMARIA,10,258,0.03875968992248062
2024,San Secondo Parmense,034033,SCUOLA SECONDARIA II GRADO,139,632,0.2199367088607595
2024,Collecchio,034009,SCUOLA SECONDARIA I GRADO,33,435,0.07586206896551724
2024,Medesano,034020,SCUOLA PRIMARIA,11,448,0.024553571428571428
2024,Corniglio,034012,SCUOLA PRIMARIA,1,42,0.023809523809523808
2024,Langhirano,034018,SCUOLA SECONDARIA I GRADO,47,284,0.16549295774647887
2024,Fornovo di Taro,034017,SCUOLA SECONDARIA II GRADO,197,675,0.29185185185185186
2024,Sorbolo Mezzani,034051,SCUOLA SECONDARIA I GRADO,34,366,0.09289617486338798
2024,Collecchio,034009,SCUOLA PRIMARIA,20,745,0.026845637583892617
2024,Calestano,034008,SCUOLA SECONDARIA I GRADO,4,53,0.07547169811320754
2024,Lesignano de' Bagni,034019,SCUOLA SECONDARIA I GRADO,13,140,0.09285714285714286
2024,Neviano degli Arduini,034024,SCUOLA SECONDARIA I GRADO,6,68,0.08823529411764706
2024,Sissa Trecasali,034049,SCUOLA PRIMARIA,16,320,0.05
2024,Fornovo di Taro,034017,SCUOLA SECONDARIA I GRADO,47,194,0.2422680412371134
2024,San Secondo Parmense,034033,SCUOLA PRIMARIA,3,287,0.010452961672473868
2024,Borgo Val di Taro,034006,SCUOLA SECONDARIA I GRADO,25,183,0.1366120218579235
2024,Roccabianca,034030,SCUOLA PRIMARIA,4,110,0.03636363636363636
2024,Sala Baganza,034031,SCUOLA SECONDARIA I GRADO,7,153,0.0457516339869281
2024,Corniglio,034012,SCUOLA SECONDARIA I GRADO,5,23,0.21739130434782608
2024,Solignano,034035,SCUOLA SECONDARIA I GRADO,8,32,0.25
2024,Noceto,034025,SCUOLA PRIMARIA,13,680,0.01911764705882353
2024,Soragna,034036,SCUOLA PRIMARIA,7,224,0.03125
2024,Pellegrino Parmense,034028,SCUOLA SECONDARIA I GRADO,4,24,0.16666666666666666
2024,Berceto,034004,SCUOLA SECONDARIA I GRADO,1,29,0.034482758620689655
2024,Sala Baganza,034031,SCUOLA PRIMARIA,5,234,0.021367521367521368
2024,Solignano,034035,SCUOLA PRIMARIA,3,44,0.06818181818181818
2024,Fornovo di Taro,034017,SCUOLA PRIMARIA,11,222,0.04954954954954955
2024,Felino,034013,SCUOLA PRIMARIA,11,379,0.029023746701846966
2024,Fontevivo,034016,SCUOLA SECONDARIA I GRADO,6,149,0.040268456375838924
2024,Calestano,034008,SCUOLA PRIMARIA,3,105,0.02857142857142857
2024,Fontanellato,034015,SCUOLA SECONDARIA I GRADO,27,174,0.15517241379310345
2024,Tizzano Val Parma,034039,SCUOLA SECONDARIA I GRADO,11,52,0.21153846153846154
2024,Palanzano,034026,SCUOLA SECONDARIA I GRADO,10,24,0.4166666666666667
2024,Polesine Zibello,034050,SCUOLA SECONDARIA I GRADO,15,61,0.2459016393442623
2024,Albareto,034001,SCUOLA SECONDARIA I GRADO,2,39,0.05128205128205128
2024,Langhirano,034018,SCUOLA SECONDARIA II GRADO,110,300,0.36666666666666664
2024,Medesano,034020,SCUOLA SECONDARIA I GRADO,17,259,0.06563706563706563
2024,Noceto,034025,SCUOLA SECONDARIA I GRADO,16,445,0.035955056179775284
2024,Borgo Val di Taro,034006,SCUOLA PRIMARIA,12,214,0.056074766355140186
2024,Felino,034013,SCUOLA SECONDARIA I GRADO,25,261,0.09578544061302682
2024,Bardi,034002,SCUOLA SECONDARIA I GRADO,4,37,0.10810810810810811
2024,Compiano,034011,SCUOLA PRIMARIA,1,28,0.03571428571428571
2024,Langhirano,034018,SCUOLA PRIMARIA,17,484,0.03512396694214876
2024,Neviano degli Arduini,034024,SCUOLA PRIMARIA,5,95,0.05263157894736842
2024,Varano de' Melegari,034045,SCUOLA SECONDARIA I GRADO,5,88,0.056818181818181816
2024,Bedonia,034003,SCUOLA PRIMARIA,12,106,0.11320754716981132
2024,Montechiarugolo,034023,SCUOLA PRIMARIA,8,500,0.016
2024,Fontanellato,034015,SCUOLA PRIMARIA,10,278,0.03597122302158273
2024,Terenzo,034038,SCUOLA PRIMARIA,3,27,0.1111111111111111
2024,Colorno,034010,SCUOLA PRIMARIA,21,390,0.05384615384615385
2024,Varsi,034046,SCUOLA SECONDARIA I GRADO,3,22,0.13636363636363635
2024,San Secondo Parmense,034033,SCUOLA SECONDARIA I GRADO,20,185,0.10810810810810811
2024,Albareto,034001,SCUOLA PRIMARIA,1,66,0.015151515151515152
2024,Sorbolo Mezzani,034051,SCUOLA PRIMARIA,16,550,0.02909090909090909
2024,Berceto,034004,SCUOLA PRIMARIA,0,49,0
2024,Roccabianca,034030,SCUOLA SECONDARIA I GRADO,11,85,0.12941176470588237
2024,Traversetolo,034042,SCUOLA SECONDARIA I GRADO,19,246,0.07723577235772358
2024,Soragna,034036,SCUOLA SECONDARIA I GRADO,4,133,0.03007518796992481
2024,Lesignano de' Bagni,034019,SCUOLA PRIMARIA,4,206,0.019417475728155338
2024,Torrile,034041,SCUOLA SECONDARIA I GRADO,15,278,0.0539568345323741
2024,Busseto,034007,SCUOLA PRIMARIA,10,269,0.03717472118959108
2024,Pellegrino Parmense,034028,SCUOLA PRIMARIA,1,21,0.047619047619047616
2024,Varsi,034046,SCUOLA PRIMARIA,0,34,0
2024,Bardi,034002,SCUOLA PRIMARIA,0,52,0
2024,Polesine Zibello,034050,SCUOLA PRIMARIA,2,104,0.019230769230769232
2024,Varano de' Melegari,034045,SCUOLA PRIMARIA,5,125,0.04
2024,Traversetolo,034042,SCUOLA PRIMARIA,5,395,0.012658227848101266
2024,Monchio delle Corti,034022,SCUOLA SECONDARIA I GRADO,1,11,0.09090909090909091
2024,Colorno,034010,SCUOLA SECONDARIA I GRADO,32,263,0.12167300380228137
2024,Montechiarugolo,034023,SCUOLA SECONDARIA I GRADO,28,312,0.08974358974358974
2024,Bedonia,034003,SCUOLA SECONDARIA I GRADO,9,108,0.08333333333333333
2024,Palanzano,034026,SCUOLA PRIMARIA,1,28,0.03571428571428571
2024,Monchio delle Corti,034022,SCUOLA PRIMARIA,1,13,0.07692307692307693
2024,Tornolo,034040,SCUOLA PRIMARIA,1,10,0.1
